Test,Frequency,Fixtures
Lav_Faucet Closest_Contact_Tst_1a,f25,10.14171426
Lav_Faucet Closest_Contact_Tst_1a,f31_5,9.231781938
Lav_Faucet Closest_Contact_Tst_1a,f40,11.26626867
Lav_Faucet Closest_Contact_Tst_1a,f50,14.19803443
Lav_Faucet Closest_Contact_Tst_1a,f63,16.61708748
Lav_Faucet Closest_Contact_Tst_1a,f80,23.52657657
Lav_Faucet Closest_Contact_Tst_1a,f100,30.15400576
Lav_Faucet Closest_Contact_Tst_1a,f125,36.092181
Lav_Faucet Closest_Contact_Tst_1a,f160,40.62160052
Lav_Faucet Closest_Contact_Tst_1a,f200,40.31080738
Lav_Faucet Closest_Contact_Tst_1a,f250,44.96820271
Lav_Faucet Closest_Contact_Tst_1a,f315,39.88055305
Lav_Faucet Closest_Contact_Tst_1a,f400,38.22427262
Lav_Faucet Closest_Contact_Tst_1a,f500,36.04406433
Lav_Faucet Closest_Contact_Tst_1a,f630,39.40301371
Lav_Faucet Closest_Contact_Tst_1a,f800,27.37760752
Lav_Faucet Closest_Contact_Tst_1a,f1000,17.05846061
Lav_Faucet Closest_Contact_Tst_1a,f1250,14.84770668
Lav_Faucet Closest_Contact_Tst_1a,f1600,9.174431665
Lav_Faucet Closest_Contact_Tst_1a,f2000,7.16417455
Lav_Faucet Closest_Contact_Tst_1a,f2500,6.765501933
Lav_Faucet Closest_Contact_Tst_1a,f3100,4.697314913
Lav_Faucet Closest_Contact_Tst_1a,f4000,3.842095496
Lav_Faucet Closest_Contact_Tst_1a,f5000,3.357582903
Lav_Faucet Closest_Contact_Tst_1a,f6300,3.003503211
Lav_Faucet Closest_Contact_Tst_1a,f8000,3.151287586
Lav_Faucet Closest_Contact_Tst_1a,f10000,4.967712533
Lav_Faucet Closest_Ambient_Tst_1a,f25,14.29503469
Lav_Faucet Closest_Ambient_Tst_1a,f31_5,11.77763625
Lav_Faucet Closest_Ambient_Tst_1a,f40,10.90070838
Lav_Faucet Closest_Ambient_Tst_1a,f50,13.22701462
Lav_Faucet Closest_Ambient_Tst_1a,f63,14.61642698
Lav_Faucet Closest_Ambient_Tst_1a,f80,10.60840627
Lav_Faucet Closest_Ambient_Tst_1a,f100,10.14529141
Lav_Faucet Closest_Ambient_Tst_1a,f125,11.07852985
Lav_Faucet Closest_Ambient_Tst_1a,f160,8.163914605
Lav_Faucet Closest_Ambient_Tst_1a,f200,10.53210322
Lav_Faucet Closest_Ambient_Tst_1a,f250,13.6114321
Lav_Faucet Closest_Ambient_Tst_1a,f315,10.31933212
Lav_Faucet Closest_Ambient_Tst_1a,f400,7.528694179
Lav_Faucet Closest_Ambient_Tst_1a,f500,7.347215525
Lav_Faucet Closest_Ambient_Tst_1a,f630,9.825508819
Lav_Faucet Closest_Ambient_Tst_1a,f800,5.656686678
Lav_Faucet Closest_Ambient_Tst_1a,f1000,4.840012711
Lav_Faucet Closest_Ambient_Tst_1a,f1250,3.59166719
Lav_Faucet Closest_Ambient_Tst_1a,f1600,2.784912202
Lav_Faucet Closest_Ambient_Tst_1a,f2000,2.751583864
Lav_Faucet Closest_Ambient_Tst_1a,f2500,4.707768657
Lav_Faucet Closest_Ambient_Tst_1a,f3100,5.133838613
Lav_Faucet Closest_Ambient_Tst_1a,f4000,6.854131329
Lav_Faucet Closest_Ambient_Tst_1a,f5000,10.93377988
Lav_Faucet Closest_Ambient_Tst_1a,f6300,17.73991905
Lav_Faucet Closest_Ambient_Tst_1a,f8000,15.84793547
Lav_Faucet Closest_Ambient_Tst_1a,f10000,10.61493926
Lav_Faucet Closest_Contact_Tst_2a,f25,9.552971955
Lav_Faucet Closest_Contact_Tst_2a,f31_5,8.684377665
Lav_Faucet Closest_Contact_Tst_2a,f40,9.766337955
Lav_Faucet Closest_Contact_Tst_2a,f50,13.0327506
Lav_Faucet Closest_Contact_Tst_2a,f63,17.1418051
Lav_Faucet Closest_Contact_Tst_2a,f80,24.3859562
Lav_Faucet Closest_Contact_Tst_2a,f100,28.7720582
Lav_Faucet Closest_Contact_Tst_2a,f125,33.45666405
Lav_Faucet Closest_Contact_Tst_2a,f160,41.194468
Lav_Faucet Closest_Contact_Tst_2a,f200,41.7641898
Lav_Faucet Closest_Contact_Tst_2a,f250,42.38734035
Lav_Faucet Closest_Contact_Tst_2a,f315,41.70594625
Lav_Faucet Closest_Contact_Tst_2a,f400,37.8444266
Lav_Faucet Closest_Contact_Tst_2a,f500,33.0788234
Lav_Faucet Closest_Contact_Tst_2a,f630,39.86175565
Lav_Faucet Closest_Contact_Tst_2a,f800,26.7079722
Lav_Faucet Closest_Contact_Tst_2a,f1000,21.0692543
Lav_Faucet Closest_Contact_Tst_2a,f1250,35.35839165
Lav_Faucet Closest_Contact_Tst_2a,f1600,17.04328065
Lav_Faucet Closest_Contact_Tst_2a,f2000,9.4392466
Lav_Faucet Closest_Contact_Tst_2a,f2500,8.04761103
Lav_Faucet Closest_Contact_Tst_2a,f3100,4.724728185
Lav_Faucet Closest_Contact_Tst_2a,f4000,4.24060682
Lav_Faucet Closest_Contact_Tst_2a,f5000,3.542823255
Lav_Faucet Closest_Contact_Tst_2a,f6300,3.6212658
Lav_Faucet Closest_Contact_Tst_2a,f8000,3.22301091
Lav_Faucet Closest_Contact_Tst_2a,f10000,4.89993017
Lav_Faucet Closest_Ambient_Tst_2a,f25,7.330951975
Lav_Faucet Closest_Ambient_Tst_2a,f31_5,5.987934265
Lav_Faucet Closest_Ambient_Tst_2a,f40,6.13460254
Lav_Faucet Closest_Ambient_Tst_2a,f50,9.726198645
Lav_Faucet Closest_Ambient_Tst_2a,f63,11.49941932
Lav_Faucet Closest_Ambient_Tst_2a,f80,8.96848263
Lav_Faucet Closest_Ambient_Tst_2a,f100,9.55319649
Lav_Faucet Closest_Ambient_Tst_2a,f125,9.517986055
Lav_Faucet Closest_Ambient_Tst_2a,f160,7.143708845
Lav_Faucet Closest_Ambient_Tst_2a,f200,10.35062431
Lav_Faucet Closest_Ambient_Tst_2a,f250,11.00780968
Lav_Faucet Closest_Ambient_Tst_2a,f315,9.767327675
Lav_Faucet Closest_Ambient_Tst_2a,f400,6.83691238
Lav_Faucet Closest_Ambient_Tst_2a,f500,7.14854028
Lav_Faucet Closest_Ambient_Tst_2a,f630,8.23640091
Lav_Faucet Closest_Ambient_Tst_2a,f800,13.88193535
Lav_Faucet Closest_Ambient_Tst_2a,f1000,30.6844995
Lav_Faucet Closest_Ambient_Tst_2a,f1250,48.2427765
Lav_Faucet Closest_Ambient_Tst_2a,f1600,28.64356455
Lav_Faucet Closest_Ambient_Tst_2a,f2000,13.59846925
Lav_Faucet Closest_Ambient_Tst_2a,f2500,11.73224295
Lav_Faucet Closest_Ambient_Tst_2a,f3100,6.870382885
Lav_Faucet Closest_Ambient_Tst_2a,f4000,11.93523563
Lav_Faucet Closest_Ambient_Tst_2a,f5000,12.13217378
Lav_Faucet Closest_Ambient_Tst_2a,f6300,17.9072958
Lav_Faucet Closest_Ambient_Tst_2a,f8000,16.0381599
Lav_Faucet Closest_Ambient_Tst_2a,f10000,10.8301141
Lav_Faucet Closest_Contact_Tst_3a,f25,9.647456384
Lav_Faucet Closest_Contact_Tst_3a,f31_5,8.212301042
Lav_Faucet Closest_Contact_Tst_3a,f40,9.506709358
Lav_Faucet Closest_Contact_Tst_3a,f50,13.27469084
Lav_Faucet Closest_Contact_Tst_3a,f63,17.07684484
Lav_Faucet Closest_Contact_Tst_3a,f80,23.095275
Lav_Faucet Closest_Contact_Tst_3a,f100,28.04372395
Lav_Faucet Closest_Contact_Tst_3a,f125,32.70940316
Lav_Faucet Closest_Contact_Tst_3a,f160,41.01049437
Lav_Faucet Closest_Contact_Tst_3a,f200,40.45958332
Lav_Faucet Closest_Contact_Tst_3a,f250,41.00901437
Lav_Faucet Closest_Contact_Tst_3a,f315,41.15477489
Lav_Faucet Closest_Contact_Tst_3a,f400,36.567755
Lav_Faucet Closest_Contact_Tst_3a,f500,34.26167516
Lav_Faucet Closest_Contact_Tst_3a,f630,39.24319432
Lav_Faucet Closest_Contact_Tst_3a,f800,30.15290526
Lav_Faucet Closest_Contact_Tst_3a,f1000,21.47738858
Lav_Faucet Closest_Contact_Tst_3a,f1250,20.20384771
Lav_Faucet Closest_Contact_Tst_3a,f1600,13.22848571
Lav_Faucet Closest_Contact_Tst_3a,f2000,10.48361226
Lav_Faucet Closest_Contact_Tst_3a,f2500,12.012443
Lav_Faucet Closest_Contact_Tst_3a,f3100,10.53451745
Lav_Faucet Closest_Contact_Tst_3a,f4000,10.10821307
Lav_Faucet Closest_Contact_Tst_3a,f5000,6.263511805
Lav_Faucet Closest_Contact_Tst_3a,f6300,4.060663237
Lav_Faucet Closest_Contact_Tst_3a,f8000,4.018100395
Lav_Faucet Closest_Contact_Tst_3a,f10000,5.690767574
Lav_Faucet Closest_Ambient_Tst_3a,f25,7.764848837
Lav_Faucet Closest_Ambient_Tst_3a,f31_5,5.695756274
Lav_Faucet Closest_Ambient_Tst_3a,f40,6.651191211
Lav_Faucet Closest_Ambient_Tst_3a,f50,10.54922058
Lav_Faucet Closest_Ambient_Tst_3a,f63,12.37566536
Lav_Faucet Closest_Ambient_Tst_3a,f80,10.17058989
Lav_Faucet Closest_Ambient_Tst_3a,f100,11.27579279
Lav_Faucet Closest_Ambient_Tst_3a,f125,11.00638392
Lav_Faucet Closest_Ambient_Tst_3a,f160,13.196168
Lav_Faucet Closest_Ambient_Tst_3a,f200,12.97720068
Lav_Faucet Closest_Ambient_Tst_3a,f250,17.69899579
Lav_Faucet Closest_Ambient_Tst_3a,f315,19.53793305
Lav_Faucet Closest_Ambient_Tst_3a,f400,20.16201132
Lav_Faucet Closest_Ambient_Tst_3a,f500,24.86099984
Lav_Faucet Closest_Ambient_Tst_3a,f630,16.19945937
Lav_Faucet Closest_Ambient_Tst_3a,f800,24.38493789
Lav_Faucet Closest_Ambient_Tst_3a,f1000,21.40468289
Lav_Faucet Closest_Ambient_Tst_3a,f1250,24.31460411
Lav_Faucet Closest_Ambient_Tst_3a,f1600,25.22099937
Lav_Faucet Closest_Ambient_Tst_3a,f2000,26.22086937
Lav_Faucet Closest_Ambient_Tst_3a,f2500,29.29585642
Lav_Faucet Closest_Ambient_Tst_3a,f3100,31.49630721
Lav_Faucet Closest_Ambient_Tst_3a,f4000,34.49062047
Lav_Faucet Closest_Ambient_Tst_3a,f5000,37.87401479
Lav_Faucet Closest_Ambient_Tst_3a,f6300,41.11575847
Lav_Faucet Closest_Ambient_Tst_3a,f8000,39.76487605
Lav_Faucet Closest_Ambient_Tst_3a,f10000,34.69915337
Lav_Faucet Closest_Contact_Tst_5a,f25,11.01516346
Lav_Faucet Closest_Contact_Tst_5a,f31_5,10.95556705
Lav_Faucet Closest_Contact_Tst_5a,f40,11.48956913
Lav_Faucet Closest_Contact_Tst_5a,f50,13.82657368
Lav_Faucet Closest_Contact_Tst_5a,f63,15.4371313
Lav_Faucet Closest_Contact_Tst_5a,f80,17.79789785
Lav_Faucet Closest_Contact_Tst_5a,f100,24.0251075
Lav_Faucet Closest_Contact_Tst_5a,f125,30.6969987
Lav_Faucet Closest_Contact_Tst_5a,f160,40.76193275
Lav_Faucet Closest_Contact_Tst_5a,f200,37.33516145
Lav_Faucet Closest_Contact_Tst_5a,f250,42.6686028
Lav_Faucet Closest_Contact_Tst_5a,f315,40.8746102
Lav_Faucet Closest_Contact_Tst_5a,f400,34.64514205
Lav_Faucet Closest_Contact_Tst_5a,f500,33.93684495
Lav_Faucet Closest_Contact_Tst_5a,f630,40.655165
Lav_Faucet Closest_Contact_Tst_5a,f800,29.58838135
Lav_Faucet Closest_Contact_Tst_5a,f1000,20.66720915
Lav_Faucet Closest_Contact_Tst_5a,f1250,18.01271213
Lav_Faucet Closest_Contact_Tst_5a,f1600,10.72216044
Lav_Faucet Closest_Contact_Tst_5a,f2000,7.91239568
Lav_Faucet Closest_Contact_Tst_5a,f2500,10.16118871
Lav_Faucet Closest_Contact_Tst_5a,f3100,8.956927919
Lav_Faucet Closest_Contact_Tst_5a,f4000,7.773558266
Lav_Faucet Closest_Contact_Tst_5a,f5000,5.04759944
Lav_Faucet Closest_Contact_Tst_5a,f6300,3.028193835
Lav_Faucet Closest_Contact_Tst_5a,f8000,3.36566352
Lav_Faucet Closest_Contact_Tst_5a,f10000,5.34166919
Lav_Faucet Closest_Ambient_Tst_5a,f25,13.56264133
Lav_Faucet Closest_Ambient_Tst_5a,f31_5,12.14765304
Lav_Faucet Closest_Ambient_Tst_5a,f40,9.53002291
Lav_Faucet Closest_Ambient_Tst_5a,f50,11.68143878
Lav_Faucet Closest_Ambient_Tst_5a,f63,10.62989473
Lav_Faucet Closest_Ambient_Tst_5a,f80,10.52172813
Lav_Faucet Closest_Ambient_Tst_5a,f100,10.61708887
Lav_Faucet Closest_Ambient_Tst_5a,f125,10.83211173
Lav_Faucet Closest_Ambient_Tst_5a,f160,10.6002142
Lav_Faucet Closest_Ambient_Tst_5a,f200,10.94834292
Lav_Faucet Closest_Ambient_Tst_5a,f250,14.29378192
Lav_Faucet Closest_Ambient_Tst_5a,f315,15.28426365
Lav_Faucet Closest_Ambient_Tst_5a,f400,12.80419324
Lav_Faucet Closest_Ambient_Tst_5a,f500,15.88079184
Lav_Faucet Closest_Ambient_Tst_5a,f630,11.93392463
Lav_Faucet Closest_Ambient_Tst_5a,f800,15.58281878
Lav_Faucet Closest_Ambient_Tst_5a,f1000,14.43609052
Lav_Faucet Closest_Ambient_Tst_5a,f1250,14.85788772
Lav_Faucet Closest_Ambient_Tst_5a,f1600,14.59631873
Lav_Faucet Closest_Ambient_Tst_5a,f2000,15.30447916
Lav_Faucet Closest_Ambient_Tst_5a,f2500,17.54236877
Lav_Faucet Closest_Ambient_Tst_5a,f3100,19.20090133
Lav_Faucet Closest_Ambient_Tst_5a,f4000,21.63542854
Lav_Faucet Closest_Ambient_Tst_5a,f5000,25.43278825
Lav_Faucet Closest_Ambient_Tst_5a,f6300,29.60634135
Lav_Faucet Closest_Ambient_Tst_5a,f8000,28.30803685
Lav_Faucet Closest_Ambient_Tst_5a,f10000,22.6993202
Hose_Contact_Tst_1b,f25,24.16889733
Hose_Contact_Tst_1b,f31_5,32.31024567
Hose_Contact_Tst_1b,f40,37.03605881
Hose_Contact_Tst_1b,f50,39.68695219
Hose_Contact_Tst_1b,f63,45.62951848
Hose_Contact_Tst_1b,f80,49.37290252
Hose_Contact_Tst_1b,f100,51.232501
Hose_Contact_Tst_1b,f125,60.26016567
Hose_Contact_Tst_1b,f160,63.04685862
Hose_Contact_Tst_1b,f200,60.04954957
Hose_Contact_Tst_1b,f250,61.46778833
Hose_Contact_Tst_1b,f315,61.39182681
Hose_Contact_Tst_1b,f400,67.66749476
Hose_Contact_Tst_1b,f500,66.66385981
Hose_Contact_Tst_1b,f630,63.66497143
Hose_Contact_Tst_1b,f800,61.76054581
Hose_Contact_Tst_1b,f1000,55.69302762
Hose_Contact_Tst_1b,f1250,51.00804905
Hose_Contact_Tst_1b,f1600,48.15381933
Hose_Contact_Tst_1b,f2000,47.58013624
Hose_Contact_Tst_1b,f2500,45.6472767
Hose_Contact_Tst_1b,f3100,44.35943737
Hose_Contact_Tst_1b,f4000,39.59766837
Hose_Contact_Tst_1b,f5000,34.56416016
Hose_Contact_Tst_1b,f6300,30.65708354
Hose_Contact_Tst_1b,f8000,26.72838934
Hose_Contact_Tst_1b,f10000,25.85757676
Hose_Ambient_Tst_1b,f25,9.842932995
Hose_Ambient_Tst_1b,f31_5,12.78036886
Hose_Ambient_Tst_1b,f40,11.91417905
Hose_Ambient_Tst_1b,f50,13.59950243
Hose_Ambient_Tst_1b,f63,18.13184438
Hose_Ambient_Tst_1b,f80,20.51580476
Hose_Ambient_Tst_1b,f100,20.44084924
Hose_Ambient_Tst_1b,f125,22.540449
Hose_Ambient_Tst_1b,f160,23.13769305
Hose_Ambient_Tst_1b,f200,24.60856833
Hose_Ambient_Tst_1b,f250,25.05218281
Hose_Ambient_Tst_1b,f315,24.73568778
Hose_Ambient_Tst_1b,f400,32.75701781
Hose_Ambient_Tst_1b,f500,35.40357417
Hose_Ambient_Tst_1b,f630,27.52565348
Hose_Ambient_Tst_1b,f800,33.65019233
Hose_Ambient_Tst_1b,f1000,35.36960624
Hose_Ambient_Tst_1b,f1250,29.2271968
Hose_Ambient_Tst_1b,f1600,30.99946748
Hose_Ambient_Tst_1b,f2000,31.23112495
Hose_Ambient_Tst_1b,f2500,28.90180588
Hose_Ambient_Tst_1b,f3100,26.93503414
Hose_Ambient_Tst_1b,f4000,25.72065033
Hose_Ambient_Tst_1b,f5000,26.90531326
Hose_Ambient_Tst_1b,f6300,28.29561152
Hose_Ambient_Tst_1b,f8000,26.74676457
Hose_Ambient_Tst_1b,f10000,18.57308179
Hose_Contact_Tst_2b,f25,24.5816037
Hose_Contact_Tst_2b,f31_5,32.20396295
Hose_Contact_Tst_2b,f40,37.9515019
Hose_Contact_Tst_2b,f50,40.5853387
Hose_Contact_Tst_2b,f63,46.5662006
Hose_Contact_Tst_2b,f80,51.91375965
Hose_Contact_Tst_2b,f100,52.59607485
Hose_Contact_Tst_2b,f125,62.5814088
Hose_Contact_Tst_2b,f160,65.8424991
Hose_Contact_Tst_2b,f200,59.4171345
Hose_Contact_Tst_2b,f250,62.302129
Hose_Contact_Tst_2b,f315,63.5899226
Hose_Contact_Tst_2b,f400,69.51463135
Hose_Contact_Tst_2b,f500,69.35887205
Hose_Contact_Tst_2b,f630,65.66770465
Hose_Contact_Tst_2b,f800,64.3150217
Hose_Contact_Tst_2b,f1000,58.10252315
Hose_Contact_Tst_2b,f1250,53.6004846
Hose_Contact_Tst_2b,f1600,51.4860265
Hose_Contact_Tst_2b,f2000,51.10680315
Hose_Contact_Tst_2b,f2500,48.93442065
Hose_Contact_Tst_2b,f3100,46.8991237
Hose_Contact_Tst_2b,f4000,42.4713356
Hose_Contact_Tst_2b,f5000,37.3094152
Hose_Contact_Tst_2b,f6300,33.67582145
Hose_Contact_Tst_2b,f8000,28.7685282
Hose_Contact_Tst_2b,f10000,27.9372892
Hose_Ambient_Tst_2b,f25,10.1230631
Hose_Ambient_Tst_2b,f31_5,11.54231782
Hose_Ambient_Tst_2b,f40,11.90228083
Hose_Ambient_Tst_2b,f50,13.74431392
Hose_Ambient_Tst_2b,f63,19.73200105
Hose_Ambient_Tst_2b,f80,21.9132176
Hose_Ambient_Tst_2b,f100,21.3997565
Hose_Ambient_Tst_2b,f125,23.44520025
Hose_Ambient_Tst_2b,f160,24.5951493
Hose_Ambient_Tst_2b,f200,24.26928825
Hose_Ambient_Tst_2b,f250,25.38760175
Hose_Ambient_Tst_2b,f315,26.44134345
Hose_Ambient_Tst_2b,f400,34.6809222
Hose_Ambient_Tst_2b,f500,37.90075725
Hose_Ambient_Tst_2b,f630,28.0412972
Hose_Ambient_Tst_2b,f800,36.0370668
Hose_Ambient_Tst_2b,f1000,41.40947715
Hose_Ambient_Tst_2b,f1250,54.9348039
Hose_Ambient_Tst_2b,f1600,38.1332326
Hose_Ambient_Tst_2b,f2000,34.8552448
Hose_Ambient_Tst_2b,f2500,31.9817169
Hose_Ambient_Tst_2b,f3100,28.4221524
Hose_Ambient_Tst_2b,f4000,29.1507303
Hose_Ambient_Tst_2b,f5000,28.88615675
Hose_Ambient_Tst_2b,f6300,30.87391765
Hose_Ambient_Tst_2b,f8000,28.99488725
Hose_Ambient_Tst_2b,f10000,20.2340467
Hose_Contact_Tst_3b,f25,23.90006965
Hose_Contact_Tst_3b,f31_5,30.5533217
Hose_Contact_Tst_3b,f40,36.87704505
Hose_Contact_Tst_3b,f50,39.7788059
Hose_Contact_Tst_3b,f63,46.6356463
Hose_Contact_Tst_3b,f80,50.9635181
Hose_Contact_Tst_3b,f100,51.63181735
Hose_Contact_Tst_3b,f125,62.5854137
Hose_Contact_Tst_3b,f160,66.4390664
Hose_Contact_Tst_3b,f200,59.17329505
Hose_Contact_Tst_3b,f250,61.28857925
Hose_Contact_Tst_3b,f315,62.98563155
Hose_Contact_Tst_3b,f400,69.7162584
Hose_Contact_Tst_3b,f500,69.41452325
Hose_Contact_Tst_3b,f630,65.6286083
Hose_Contact_Tst_3b,f800,64.6358948
Hose_Contact_Tst_3b,f1000,58.3541201
Hose_Contact_Tst_3b,f1250,53.51199575
Hose_Contact_Tst_3b,f1600,51.20549905
Hose_Contact_Tst_3b,f2000,50.80352285
Hose_Contact_Tst_3b,f2500,48.43707305
Hose_Contact_Tst_3b,f3100,46.53209565
Hose_Contact_Tst_3b,f4000,40.78559445
Hose_Contact_Tst_3b,f5000,35.8491809
Hose_Contact_Tst_3b,f6300,32.36078205
Hose_Contact_Tst_3b,f8000,28.37100765
Hose_Contact_Tst_3b,f10000,27.5529499
Hose_Ambient_Tst_3b,f25,9.84378837
Hose_Ambient_Tst_3b,f31_5,11.76144976
Hose_Ambient_Tst_3b,f40,11.27388395
Hose_Ambient_Tst_3b,f50,13.8461809
Hose_Ambient_Tst_3b,f63,18.68890025
Hose_Ambient_Tst_3b,f80,21.48928895
Hose_Ambient_Tst_3b,f100,20.72875525
Hose_Ambient_Tst_3b,f125,23.10335425
Hose_Ambient_Tst_3b,f160,24.9972594
Hose_Ambient_Tst_3b,f200,23.83603855
Hose_Ambient_Tst_3b,f250,25.2025998
Hose_Ambient_Tst_3b,f315,26.4795834
Hose_Ambient_Tst_3b,f400,35.0822038
Hose_Ambient_Tst_3b,f500,38.2053851
Hose_Ambient_Tst_3b,f630,28.3438763
Hose_Ambient_Tst_3b,f800,37.0326611
Hose_Ambient_Tst_3b,f1000,38.21727205
Hose_Ambient_Tst_3b,f1250,32.8790448
Hose_Ambient_Tst_3b,f1600,33.99159915
Hose_Ambient_Tst_3b,f2000,35.3861203
Hose_Ambient_Tst_3b,f2500,33.9677821
Hose_Ambient_Tst_3b,f3100,33.7127124
Hose_Ambient_Tst_3b,f4000,35.4756563
Hose_Ambient_Tst_3b,f5000,37.58597675
Hose_Ambient_Tst_3b,f6300,41.523028
Hose_Ambient_Tst_3b,f8000,40.65374345
Hose_Ambient_Tst_3b,f10000,35.2288208
Hose_Contact_Tst_5b,f25,20.99869557
Hose_Contact_Tst_5b,f31_5,29.42756381
Hose_Contact_Tst_5b,f40,35.02205071
Hose_Contact_Tst_5b,f50,38.2539331
Hose_Contact_Tst_5b,f63,44.21457995
Hose_Contact_Tst_5b,f80,49.08798738
Hose_Contact_Tst_5b,f100,49.51621014
Hose_Contact_Tst_5b,f125,59.37047452
Hose_Contact_Tst_5b,f160,63.30285605
Hose_Contact_Tst_5b,f200,57.17513395
Hose_Contact_Tst_5b,f250,60.73656814
Hose_Contact_Tst_5b,f315,63.39488214
Hose_Contact_Tst_5b,f400,68.54286795
Hose_Contact_Tst_5b,f500,67.67580405
Hose_Contact_Tst_5b,f630,64.40779724
Hose_Contact_Tst_5b,f800,62.98439619
Hose_Contact_Tst_5b,f1000,55.82522657
Hose_Contact_Tst_5b,f1250,49.82664271
Hose_Contact_Tst_5b,f1600,45.05937476
Hose_Contact_Tst_5b,f2000,48.89862338
Hose_Contact_Tst_5b,f2500,46.33341448
Hose_Contact_Tst_5b,f3100,41.3621531
Hose_Contact_Tst_5b,f4000,36.6191399
Hose_Contact_Tst_5b,f5000,31.30083157
Hose_Contact_Tst_5b,f6300,28.3486891
Hose_Contact_Tst_5b,f8000,24.93406819
Hose_Contact_Tst_5b,f10000,23.71385467
Hose_Ambient_Tst_5b,f25,10.01661906
Hose_Ambient_Tst_5b,f31_5,11.51310686
Hose_Ambient_Tst_5b,f40,11.22880781
Hose_Ambient_Tst_5b,f50,14.22544588
Hose_Ambient_Tst_5b,f63,17.2634699
Hose_Ambient_Tst_5b,f80,19.72966162
Hose_Ambient_Tst_5b,f100,19.15645786
Hose_Ambient_Tst_5b,f125,20.19606552
Hose_Ambient_Tst_5b,f160,22.28941895
Hose_Ambient_Tst_5b,f200,22.31173286
Hose_Ambient_Tst_5b,f250,25.35834695
Hose_Ambient_Tst_5b,f315,26.29017814
Hose_Ambient_Tst_5b,f400,35.69009014
Hose_Ambient_Tst_5b,f500,36.93239967
Hose_Ambient_Tst_5b,f630,27.10127443
Hose_Ambient_Tst_5b,f800,36.0473989
Hose_Ambient_Tst_5b,f1000,36.28599276
Hose_Ambient_Tst_5b,f1250,30.23334514
Hose_Ambient_Tst_5b,f1600,29.28017767
Hose_Ambient_Tst_5b,f2000,33.92987895
Hose_Ambient_Tst_5b,f2500,31.47404257
Hose_Ambient_Tst_5b,f3100,28.40018224
Hose_Ambient_Tst_5b,f4000,28.63166943
Hose_Ambient_Tst_5b,f5000,30.72611695
Hose_Ambient_Tst_5b,f6300,32.61081819
Hose_Ambient_Tst_5b,f8000,32.10046576
Hose_Ambient_Tst_5b,f10000,24.65292852
Lav_Faucet_Contact_Tst_1c,f25,11.20933386
Lav_Faucet_Contact_Tst_1c,f31_5,9.783240781
Lav_Faucet_Contact_Tst_1c,f40,11.2293804
Lav_Faucet_Contact_Tst_1c,f50,14.79345117
Lav_Faucet_Contact_Tst_1c,f63,17.03411407
Lav_Faucet_Contact_Tst_1c,f80,18.32124895
Lav_Faucet_Contact_Tst_1c,f100,23.43714214
Lav_Faucet_Contact_Tst_1c,f125,26.11902705
Lav_Faucet_Contact_Tst_1c,f160,32.84941233
Lav_Faucet_Contact_Tst_1c,f200,32.45805357
Lav_Faucet_Contact_Tst_1c,f250,30.52667619
Lav_Faucet_Contact_Tst_1c,f315,29.58926081
Lav_Faucet_Contact_Tst_1c,f400,27.54634967
Lav_Faucet_Contact_Tst_1c,f500,24.88089138
Lav_Faucet_Contact_Tst_1c,f630,26.63319333
Lav_Faucet_Contact_Tst_1c,f800,22.75057321
Lav_Faucet_Contact_Tst_1c,f1000,15.70388932
Lav_Faucet_Contact_Tst_1c,f1250,12.08542922
Lav_Faucet_Contact_Tst_1c,f1600,8.995430587
Lav_Faucet_Contact_Tst_1c,f2000,5.983665752
Lav_Faucet_Contact_Tst_1c,f2500,3.323909962
Lav_Faucet_Contact_Tst_1c,f3100,1.955096747
Lav_Faucet_Contact_Tst_1c,f4000,2.567477874
Lav_Faucet_Contact_Tst_1c,f5000,2.145069903
Lav_Faucet_Contact_Tst_1c,f6300,1.383270691
Lav_Faucet_Contact_Tst_1c,f8000,1.85003131
Lav_Faucet_Contact_Tst_1c,f10000,4.93495781
Lav_Faucet_Ambient_Tst_1c,f25,15.63823571
Lav_Faucet_Ambient_Tst_1c,f31_5,11.94656574
Lav_Faucet_Ambient_Tst_1c,f40,11.13062548
Lav_Faucet_Ambient_Tst_1c,f50,13.15025107
Lav_Faucet_Ambient_Tst_1c,f63,13.9446447
Lav_Faucet_Ambient_Tst_1c,f80,10.21259336
Lav_Faucet_Ambient_Tst_1c,f100,8.448690381
Lav_Faucet_Ambient_Tst_1c,f125,7.871445057
Lav_Faucet_Ambient_Tst_1c,f160,5.22338981
Lav_Faucet_Ambient_Tst_1c,f200,6.464154957
Lav_Faucet_Ambient_Tst_1c,f250,8.221089722
Lav_Faucet_Ambient_Tst_1c,f315,3.360046587
Lav_Faucet_Ambient_Tst_1c,f400,3.85241016
Lav_Faucet_Ambient_Tst_1c,f500,3.796888447
Lav_Faucet_Ambient_Tst_1c,f630,3.124844529
Lav_Faucet_Ambient_Tst_1c,f800,3.845315698
Lav_Faucet_Ambient_Tst_1c,f1000,3.014056196
Lav_Faucet_Ambient_Tst_1c,f1250,3.084409551
Lav_Faucet_Ambient_Tst_1c,f1600,2.702583479
Lav_Faucet_Ambient_Tst_1c,f2000,2.99274441
Lav_Faucet_Ambient_Tst_1c,f2500,3.519093215
Lav_Faucet_Ambient_Tst_1c,f3100,3.618267977
Lav_Faucet_Ambient_Tst_1c,f4000,4.629527121
Lav_Faucet_Ambient_Tst_1c,f5000,7.295604026
Lav_Faucet_Ambient_Tst_1c,f6300,9.037662775
Lav_Faucet_Ambient_Tst_1c,f8000,10.03870495
Lav_Faucet_Ambient_Tst_1c,f10000,7.670003381
Lav_Faucet_Contact_Tst_2c,f25,11.45807514
Lav_Faucet_Contact_Tst_2c,f31_5,10.95027763
Lav_Faucet_Contact_Tst_2c,f40,13.28096338
Lav_Faucet_Contact_Tst_2c,f50,17.55954627
Lav_Faucet_Contact_Tst_2c,f63,20.63635879
Lav_Faucet_Contact_Tst_2c,f80,25.4869575
Lav_Faucet_Contact_Tst_2c,f100,27.62123335
Lav_Faucet_Contact_Tst_2c,f125,28.53207305
Lav_Faucet_Contact_Tst_2c,f160,35.6532689
Lav_Faucet_Contact_Tst_2c,f200,39.81742435
Lav_Faucet_Contact_Tst_2c,f250,39.5824831
Lav_Faucet_Contact_Tst_2c,f315,37.6702736
Lav_Faucet_Contact_Tst_2c,f400,35.3640149
Lav_Faucet_Contact_Tst_2c,f500,32.56377895
Lav_Faucet_Contact_Tst_2c,f630,37.32159935
Lav_Faucet_Contact_Tst_2c,f800,31.1090601
Lav_Faucet_Contact_Tst_2c,f1000,28.0700043
Lav_Faucet_Contact_Tst_2c,f1250,36.41411265
Lav_Faucet_Contact_Tst_2c,f1600,22.41312485
Lav_Faucet_Contact_Tst_2c,f2000,14.68066625
Lav_Faucet_Contact_Tst_2c,f2500,10.3842925
Lav_Faucet_Contact_Tst_2c,f3100,4.975776095
Lav_Faucet_Contact_Tst_2c,f4000,4.894972489
Lav_Faucet_Contact_Tst_2c,f5000,4.239548761
Lav_Faucet_Contact_Tst_2c,f6300,3.277535818
Lav_Faucet_Contact_Tst_2c,f8000,2.96429635
Lav_Faucet_Contact_Tst_2c,f10000,5.720129645
Lav_Faucet_Ambient_Tst_2c,f25,8.72490401
Lav_Faucet_Ambient_Tst_2c,f31_5,7.60877068
Lav_Faucet_Ambient_Tst_2c,f40,7.600701625
Lav_Faucet_Ambient_Tst_2c,f50,10.54980998
Lav_Faucet_Ambient_Tst_2c,f63,12.27197372
Lav_Faucet_Ambient_Tst_2c,f80,8.997808775
Lav_Faucet_Ambient_Tst_2c,f100,8.63200109
Lav_Faucet_Ambient_Tst_2c,f125,7.779344815
Lav_Faucet_Ambient_Tst_2c,f160,5.40991415
Lav_Faucet_Ambient_Tst_2c,f200,7.464874415
Lav_Faucet_Ambient_Tst_2c,f250,10.4081911
Lav_Faucet_Ambient_Tst_2c,f315,7.437399358
Lav_Faucet_Ambient_Tst_2c,f400,9.41358306
Lav_Faucet_Ambient_Tst_2c,f500,8.651076815
Lav_Faucet_Ambient_Tst_2c,f630,8.909920111
Lav_Faucet_Ambient_Tst_2c,f800,16.08283973
Lav_Faucet_Ambient_Tst_2c,f1000,30.92544595
Lav_Faucet_Ambient_Tst_2c,f1250,47.73561295
Lav_Faucet_Ambient_Tst_2c,f1600,28.67921105
Lav_Faucet_Ambient_Tst_2c,f2000,15.0992442
Lav_Faucet_Ambient_Tst_2c,f2500,11.41205256
Lav_Faucet_Ambient_Tst_2c,f3100,7.292406885
Lav_Faucet_Ambient_Tst_2c,f4000,12.47372595
Lav_Faucet_Ambient_Tst_2c,f5000,11.39814104
Lav_Faucet_Ambient_Tst_2c,f6300,13.40409929
Lav_Faucet_Ambient_Tst_2c,f8000,13.16336011
Lav_Faucet_Ambient_Tst_2c,f10000,10.14375312
Lav_Faucet_Contact_Tst_3c,f25,10.00636046
Lav_Faucet_Contact_Tst_3c,f31_5,9.97241095
Lav_Faucet_Contact_Tst_3c,f40,11.48008758
Lav_Faucet_Contact_Tst_3c,f50,16.10861494
Lav_Faucet_Contact_Tst_3c,f63,18.67842781
Lav_Faucet_Contact_Tst_3c,f80,22.37425056
Lav_Faucet_Contact_Tst_3c,f100,27.17688039
Lav_Faucet_Contact_Tst_3c,f125,25.92343961
Lav_Faucet_Contact_Tst_3c,f160,34.48573028
Lav_Faucet_Contact_Tst_3c,f200,39.28130433
Lav_Faucet_Contact_Tst_3c,f250,38.93345767
Lav_Faucet_Contact_Tst_3c,f315,36.97543822
Lav_Faucet_Contact_Tst_3c,f400,33.73604006
Lav_Faucet_Contact_Tst_3c,f500,32.8176645
Lav_Faucet_Contact_Tst_3c,f630,36.18862883
Lav_Faucet_Contact_Tst_3c,f800,29.72117783
Lav_Faucet_Contact_Tst_3c,f1000,24.7112945
Lav_Faucet_Contact_Tst_3c,f1250,22.53588603
Lav_Faucet_Contact_Tst_3c,f1600,17.38883702
Lav_Faucet_Contact_Tst_3c,f2000,13.94332913
Lav_Faucet_Contact_Tst_3c,f2500,13.60296717
Lav_Faucet_Contact_Tst_3c,f3100,12.61346806
Lav_Faucet_Contact_Tst_3c,f4000,11.0745475
Lav_Faucet_Contact_Tst_3c,f5000,6.935247594
Lav_Faucet_Contact_Tst_3c,f6300,5.023965211
Lav_Faucet_Contact_Tst_3c,f8000,4.200291061
Lav_Faucet_Contact_Tst_3c,f10000,6.347829394
Lav_Faucet_Ambient_Tst_3c,f25,7.6233131
Lav_Faucet_Ambient_Tst_3c,f31_5,6.199536828
Lav_Faucet_Ambient_Tst_3c,f40,6.980126217
Lav_Faucet_Ambient_Tst_3c,f50,9.593302239
Lav_Faucet_Ambient_Tst_3c,f63,10.76973076
Lav_Faucet_Ambient_Tst_3c,f80,9.414914694
Lav_Faucet_Ambient_Tst_3c,f100,11.28339528
Lav_Faucet_Ambient_Tst_3c,f125,9.158825539
Lav_Faucet_Ambient_Tst_3c,f160,12.70548917
Lav_Faucet_Ambient_Tst_3c,f200,13.14977672
Lav_Faucet_Ambient_Tst_3c,f250,17.83931442
Lav_Faucet_Ambient_Tst_3c,f315,19.66139928
Lav_Faucet_Ambient_Tst_3c,f400,20.69650778
Lav_Faucet_Ambient_Tst_3c,f500,25.57814078
Lav_Faucet_Ambient_Tst_3c,f630,16.98545083
Lav_Faucet_Ambient_Tst_3c,f800,25.263634
Lav_Faucet_Ambient_Tst_3c,f1000,23.41965078
Lav_Faucet_Ambient_Tst_3c,f1250,25.63524172
Lav_Faucet_Ambient_Tst_3c,f1600,26.06615039
Lav_Faucet_Ambient_Tst_3c,f2000,26.57510728
Lav_Faucet_Ambient_Tst_3c,f2500,29.96586417
Lav_Faucet_Ambient_Tst_3c,f3100,32.41645756
Lav_Faucet_Ambient_Tst_3c,f4000,35.61975783
Lav_Faucet_Ambient_Tst_3c,f5000,38.92292833
Lav_Faucet_Ambient_Tst_3c,f6300,41.997374
Lav_Faucet_Ambient_Tst_3c,f8000,40.78898022
Lav_Faucet_Ambient_Tst_3c,f10000,35.79114878
Lav_Faucet_Contact_Tst_5c,f25,13.339846
Lav_Faucet_Contact_Tst_5c,f31_5,13.5216981
Lav_Faucet_Contact_Tst_5c,f40,17.3174131
Lav_Faucet_Contact_Tst_5c,f50,25.9855749
Lav_Faucet_Contact_Tst_5c,f63,31.2160275
Lav_Faucet_Contact_Tst_5c,f80,27.8120247
Lav_Faucet_Contact_Tst_5c,f100,37.3062591
Lav_Faucet_Contact_Tst_5c,f125,40.0589398
Lav_Faucet_Contact_Tst_5c,f160,43.605675
Lav_Faucet_Contact_Tst_5c,f200,45.7044977
Lav_Faucet_Contact_Tst_5c,f250,47.8717682
Lav_Faucet_Contact_Tst_5c,f315,45.8977154
Lav_Faucet_Contact_Tst_5c,f400,50.9264535
Lav_Faucet_Contact_Tst_5c,f500,47.0730065
Lav_Faucet_Contact_Tst_5c,f630,54.4199892
Lav_Faucet_Contact_Tst_5c,f800,39.3111374
Lav_Faucet_Contact_Tst_5c,f1000,37.8304042
Lav_Faucet_Contact_Tst_5c,f1250,37.788698
Lav_Faucet_Contact_Tst_5c,f1600,30.280211
Lav_Faucet_Contact_Tst_5c,f2000,20.694952
Lav_Faucet_Contact_Tst_5c,f2500,14.9009188
Lav_Faucet_Contact_Tst_5c,f3100,9.7463799
Lav_Faucet_Contact_Tst_5c,f4000,11.76736985
Lav_Faucet_Contact_Tst_5c,f5000,9.2463567
Lav_Faucet_Contact_Tst_5c,f6300,6.00436575
Lav_Faucet_Contact_Tst_5c,f8000,5.33342808
Lav_Faucet_Contact_Tst_5c,f10000,6.82605567
Lav_Faucet_Ambient_Tst_5c,f25,12.6975324
Lav_Faucet_Ambient_Tst_5c,f31_5,10.74664908
Lav_Faucet_Ambient_Tst_5c,f40,9.72182223
Lav_Faucet_Ambient_Tst_5c,f50,13.1737326
Lav_Faucet_Ambient_Tst_5c,f63,13.36945615
Lav_Faucet_Ambient_Tst_5c,f80,11.6179697
Lav_Faucet_Ambient_Tst_5c,f100,11.7973537
Lav_Faucet_Ambient_Tst_5c,f125,10.5220275
Lav_Faucet_Ambient_Tst_5c,f160,10.1757837
Lav_Faucet_Ambient_Tst_5c,f200,13.8682829
Lav_Faucet_Ambient_Tst_5c,f250,19.6134907
Lav_Faucet_Ambient_Tst_5c,f315,17.7148132
Lav_Faucet_Ambient_Tst_5c,f400,20.2447683
Lav_Faucet_Ambient_Tst_5c,f500,18.2942813
Lav_Faucet_Ambient_Tst_5c,f630,19.1704954
Lav_Faucet_Ambient_Tst_5c,f800,17.72805745
Lav_Faucet_Ambient_Tst_5c,f1000,23.1885709
Lav_Faucet_Ambient_Tst_5c,f1250,21.0380264
Lav_Faucet_Ambient_Tst_5c,f1600,20.1395587
Lav_Faucet_Ambient_Tst_5c,f2000,18.6935788
Lav_Faucet_Ambient_Tst_5c,f2500,18.6416374
Lav_Faucet_Ambient_Tst_5c,f3100,19.3342933
Lav_Faucet_Ambient_Tst_5c,f4000,21.5970081
Lav_Faucet_Ambient_Tst_5c,f5000,25.610924
Lav_Faucet_Ambient_Tst_5c,f6300,29.5273136
Lav_Faucet_Ambient_Tst_5c,f8000,28.4134539
Lav_Faucet_Ambient_Tst_5c,f10000,22.1379075
Kitchen_Contact_Tst_1d,f25,10.54006793
Kitchen_Contact_Tst_1d,f31_5,10.63260477
Kitchen_Contact_Tst_1d,f40,12.85941005
Kitchen_Contact_Tst_1d,f50,16.46173185
Kitchen_Contact_Tst_1d,f63,21.43090525
Kitchen_Contact_Tst_1d,f80,30.57428915
Kitchen_Contact_Tst_1d,f100,31.1365133
Kitchen_Contact_Tst_1d,f125,35.44484875
Kitchen_Contact_Tst_1d,f160,46.19594275
Kitchen_Contact_Tst_1d,f200,46.3130426
Kitchen_Contact_Tst_1d,f250,44.25670125
Kitchen_Contact_Tst_1d,f315,45.3217833
Kitchen_Contact_Tst_1d,f400,51.96982145
Kitchen_Contact_Tst_1d,f500,51.53962685
Kitchen_Contact_Tst_1d,f630,50.90077145
Kitchen_Contact_Tst_1d,f800,44.81751725
Kitchen_Contact_Tst_1d,f1000,34.9308707
Kitchen_Contact_Tst_1d,f1250,36.2725711
Kitchen_Contact_Tst_1d,f1600,27.18401875
Kitchen_Contact_Tst_1d,f2000,24.73769768
Kitchen_Contact_Tst_1d,f2500,25.8995663
Kitchen_Contact_Tst_1d,f3100,19.07017615
Kitchen_Contact_Tst_1d,f4000,17.77319073
Kitchen_Contact_Tst_1d,f5000,14.14565624
Kitchen_Contact_Tst_1d,f6300,12.48633074
Kitchen_Contact_Tst_1d,f8000,7.04035513
Kitchen_Contact_Tst_1d,f10000,7.12029382
Kitchen_Ambient_Tst_1d,f25,11.52822398
Kitchen_Ambient_Tst_1d,f31_5,9.699373915
Kitchen_Ambient_Tst_1d,f40,9.841191695
Kitchen_Ambient_Tst_1d,f50,12.17030088
Kitchen_Ambient_Tst_1d,f63,13.49593755
Kitchen_Ambient_Tst_1d,f80,13.86926435
Kitchen_Ambient_Tst_1d,f100,13.27134365
Kitchen_Ambient_Tst_1d,f125,11.64952387
Kitchen_Ambient_Tst_1d,f160,9.64854944
Kitchen_Ambient_Tst_1d,f200,12.1232247
Kitchen_Ambient_Tst_1d,f250,13.23520094
Kitchen_Ambient_Tst_1d,f315,11.80238839
Kitchen_Ambient_Tst_1d,f400,17.59432374
Kitchen_Ambient_Tst_1d,f500,18.07827666
Kitchen_Ambient_Tst_1d,f630,14.77354344
Kitchen_Ambient_Tst_1d,f800,16.92057601
Kitchen_Ambient_Tst_1d,f1000,15.74538505
Kitchen_Ambient_Tst_1d,f1250,14.68155829
Kitchen_Ambient_Tst_1d,f1600,11.11670346
Kitchen_Ambient_Tst_1d,f2000,10.00536404
Kitchen_Ambient_Tst_1d,f2500,10.48733904
Kitchen_Ambient_Tst_1d,f3100,7.497564905
Kitchen_Ambient_Tst_1d,f4000,6.935994315
Kitchen_Ambient_Tst_1d,f5000,7.945692026
Kitchen_Ambient_Tst_1d,f6300,12.10947484
Kitchen_Ambient_Tst_1d,f8000,9.453533135
Kitchen_Ambient_Tst_1d,f10000,6.08686765
Kitchen_Contact_Tst_2d,f25,11.51385874
Kitchen_Contact_Tst_2d,f31_5,10.7785159
Kitchen_Contact_Tst_2d,f40,12.26583122
Kitchen_Contact_Tst_2d,f50,15.13502695
Kitchen_Contact_Tst_2d,f63,20.98011655
Kitchen_Contact_Tst_2d,f80,30.5878771
Kitchen_Contact_Tst_2d,f100,30.0633731
Kitchen_Contact_Tst_2d,f125,33.0465589
Kitchen_Contact_Tst_2d,f160,45.473976
Kitchen_Contact_Tst_2d,f200,45.3202632
Kitchen_Contact_Tst_2d,f250,42.8218272
Kitchen_Contact_Tst_2d,f315,42.81618175
Kitchen_Contact_Tst_2d,f400,51.84719635
Kitchen_Contact_Tst_2d,f500,51.49347905
Kitchen_Contact_Tst_2d,f630,53.7405709
Kitchen_Contact_Tst_2d,f800,44.0902197
Kitchen_Contact_Tst_2d,f1000,35.9236301
Kitchen_Contact_Tst_2d,f1250,41.47583105
Kitchen_Contact_Tst_2d,f1600,28.9610304
Kitchen_Contact_Tst_2d,f2000,25.89492958
Kitchen_Contact_Tst_2d,f2500,27.46980925
Kitchen_Contact_Tst_2d,f3100,20.99258685
Kitchen_Contact_Tst_2d,f4000,20.20162388
Kitchen_Contact_Tst_2d,f5000,15.70033057
Kitchen_Contact_Tst_2d,f6300,9.55661257
Kitchen_Contact_Tst_2d,f8000,6.21269853
Kitchen_Contact_Tst_2d,f10000,6.70679192
Kitchen_Ambient_Tst_2d,f25,8.81853991
Kitchen_Ambient_Tst_2d,f31_5,7.02178473
Kitchen_Ambient_Tst_2d,f40,7.062069855
Kitchen_Ambient_Tst_2d,f50,10.34270721
Kitchen_Ambient_Tst_2d,f63,11.12679418
Kitchen_Ambient_Tst_2d,f80,12.7297021
Kitchen_Ambient_Tst_2d,f100,11.63319276
Kitchen_Ambient_Tst_2d,f125,11.80117061
Kitchen_Ambient_Tst_2d,f160,9.568967895
Kitchen_Ambient_Tst_2d,f200,11.51303547
Kitchen_Ambient_Tst_2d,f250,12.21733262
Kitchen_Ambient_Tst_2d,f315,10.31328973
Kitchen_Ambient_Tst_2d,f400,18.77860302
Kitchen_Ambient_Tst_2d,f500,19.20946315
Kitchen_Ambient_Tst_2d,f630,17.59873435
Kitchen_Ambient_Tst_2d,f800,22.3092114
Kitchen_Ambient_Tst_2d,f1000,34.89605505
Kitchen_Ambient_Tst_2d,f1250,50.45042345
Kitchen_Ambient_Tst_2d,f1600,31.79213445
Kitchen_Ambient_Tst_2d,f2000,19.7762253
Kitchen_Ambient_Tst_2d,f2500,15.50481608
Kitchen_Ambient_Tst_2d,f3100,11.94475004
Kitchen_Ambient_Tst_2d,f4000,15.50912935
Kitchen_Ambient_Tst_2d,f5000,10.79755578
Kitchen_Ambient_Tst_2d,f6300,11.23569018
Kitchen_Ambient_Tst_2d,f8000,9.706618675
Kitchen_Ambient_Tst_2d,f10000,7.45182944
Kitchen_Contact_Tst_3d,f25,12.02551976
Kitchen_Contact_Tst_3d,f31_5,11.11727433
Kitchen_Contact_Tst_3d,f40,12.95764145
Kitchen_Contact_Tst_3d,f50,17.14197198
Kitchen_Contact_Tst_3d,f63,21.9517603
Kitchen_Contact_Tst_3d,f80,28.9570582
Kitchen_Contact_Tst_3d,f100,29.48799725
Kitchen_Contact_Tst_3d,f125,31.455605
Kitchen_Contact_Tst_3d,f160,45.9200222
Kitchen_Contact_Tst_3d,f200,47.5469888
Kitchen_Contact_Tst_3d,f250,47.00492735
Kitchen_Contact_Tst_3d,f315,45.47516125
Kitchen_Contact_Tst_3d,f400,50.8870393
Kitchen_Contact_Tst_3d,f500,52.8600591
Kitchen_Contact_Tst_3d,f630,52.6040634
Kitchen_Contact_Tst_3d,f800,47.05205745
Kitchen_Contact_Tst_3d,f1000,39.2151646
Kitchen_Contact_Tst_3d,f1250,38.85883865
Kitchen_Contact_Tst_3d,f1600,32.14539215
Kitchen_Contact_Tst_3d,f2000,28.40137335
Kitchen_Contact_Tst_3d,f2500,25.42992495
Kitchen_Contact_Tst_3d,f3100,21.9758678
Kitchen_Contact_Tst_3d,f4000,23.519987
Kitchen_Contact_Tst_3d,f5000,17.44247963
Kitchen_Contact_Tst_3d,f6300,10.18571416
Kitchen_Contact_Tst_3d,f8000,7.059829865
Kitchen_Contact_Tst_3d,f10000,7.52745616
Kitchen_Ambient_Tst_3d,f25,10.13961185
Kitchen_Ambient_Tst_3d,f31_5,7.827389165
Kitchen_Ambient_Tst_3d,f40,7.973515865
Kitchen_Ambient_Tst_3d,f50,13.1942692
Kitchen_Ambient_Tst_3d,f63,11.93518655
Kitchen_Ambient_Tst_3d,f80,15.27992965
Kitchen_Ambient_Tst_3d,f100,14.59617735
Kitchen_Ambient_Tst_3d,f125,14.52097772
Kitchen_Ambient_Tst_3d,f160,15.2212127
Kitchen_Ambient_Tst_3d,f200,15.75546848
Kitchen_Ambient_Tst_3d,f250,18.9354365
Kitchen_Ambient_Tst_3d,f315,20.20198205
Kitchen_Ambient_Tst_3d,f400,25.11708035
Kitchen_Ambient_Tst_3d,f500,30.3929384
Kitchen_Ambient_Tst_3d,f630,21.3538294
Kitchen_Ambient_Tst_3d,f800,28.80242705
Kitchen_Ambient_Tst_3d,f1000,28.82788045
Kitchen_Ambient_Tst_3d,f1250,30.3432316
Kitchen_Ambient_Tst_3d,f1600,27.74226975
Kitchen_Ambient_Tst_3d,f2000,27.41340065
Kitchen_Ambient_Tst_3d,f2500,30.0589376
Kitchen_Ambient_Tst_3d,f3100,31.98493635
Kitchen_Ambient_Tst_3d,f4000,35.3276758
Kitchen_Ambient_Tst_3d,f5000,39.04049615
Kitchen_Ambient_Tst_3d,f6300,40.6495532
Kitchen_Ambient_Tst_3d,f8000,40.04075235
Kitchen_Ambient_Tst_3d,f10000,34.25798925
Kitchen_Contact_Tst_5d,f25,9.44082261
Kitchen_Contact_Tst_5d,f31_5,9.160127462
Kitchen_Contact_Tst_5d,f40,11.34973157
Kitchen_Contact_Tst_5d,f50,15.32094859
Kitchen_Contact_Tst_5d,f63,20.02748948
Kitchen_Contact_Tst_5d,f80,26.10296133
Kitchen_Contact_Tst_5d,f100,29.71962681
Kitchen_Contact_Tst_5d,f125,36.67190795
Kitchen_Contact_Tst_5d,f160,46.16426414
Kitchen_Contact_Tst_5d,f200,47.60426624
Kitchen_Contact_Tst_5d,f250,47.21899033
Kitchen_Contact_Tst_5d,f315,46.672097
Kitchen_Contact_Tst_5d,f400,52.23238057
Kitchen_Contact_Tst_5d,f500,53.58323048
Kitchen_Contact_Tst_5d,f630,48.78884343
Kitchen_Contact_Tst_5d,f800,46.75624152
Kitchen_Contact_Tst_5d,f1000,38.12929405
Kitchen_Contact_Tst_5d,f1250,34.70373295
Kitchen_Contact_Tst_5d,f1600,29.50356248
Kitchen_Contact_Tst_5d,f2000,24.60526781
Kitchen_Contact_Tst_5d,f2500,22.2448659
Kitchen_Contact_Tst_5d,f3100,17.95778155
Kitchen_Contact_Tst_5d,f4000,18.00187658
Kitchen_Contact_Tst_5d,f5000,13.00436619
Kitchen_Contact_Tst_5d,f6300,7.377231533
Kitchen_Contact_Tst_5d,f8000,6.11557431
Kitchen_Contact_Tst_5d,f10000,6.927330643
Kitchen_Ambient_Tst_5d,f25,9.095431795
Kitchen_Ambient_Tst_5d,f31_5,7.725077205
Kitchen_Ambient_Tst_5d,f40,8.054166081
Kitchen_Ambient_Tst_5d,f50,10.24116973
Kitchen_Ambient_Tst_5d,f63,12.39721877
Kitchen_Ambient_Tst_5d,f80,12.2116463
Kitchen_Ambient_Tst_5d,f100,12.48375356
Kitchen_Ambient_Tst_5d,f125,10.2405483
Kitchen_Ambient_Tst_5d,f160,13.47738774
Kitchen_Ambient_Tst_5d,f200,15.17923343
Kitchen_Ambient_Tst_5d,f250,17.30466838
Kitchen_Ambient_Tst_5d,f315,17.27606047
Kitchen_Ambient_Tst_5d,f400,22.59979321
Kitchen_Ambient_Tst_5d,f500,25.42284062
Kitchen_Ambient_Tst_5d,f630,17.26062303
Kitchen_Ambient_Tst_5d,f800,24.32089381
Kitchen_Ambient_Tst_5d,f1000,22.71704429
Kitchen_Ambient_Tst_5d,f1250,22.1130054
Kitchen_Ambient_Tst_5d,f1600,20.38771576
Kitchen_Ambient_Tst_5d,f2000,19.71012869
Kitchen_Ambient_Tst_5d,f2500,18.95638659
Kitchen_Ambient_Tst_5d,f3100,19.94992807
Kitchen_Ambient_Tst_5d,f4000,21.54458979
Kitchen_Ambient_Tst_5d,f5000,23.59581512
Kitchen_Ambient_Tst_5d,f6300,26.08864583
Kitchen_Ambient_Tst_5d,f8000,24.93042458
Kitchen_Ambient_Tst_5d,f10000,20.78813746
Toilet_Contact_Tst_1e,f25,11.80018275
Toilet_Contact_Tst_1e,f31_5,12.37910909
Toilet_Contact_Tst_1e,f40,15.92234651
Toilet_Contact_Tst_1e,f50,18.07361008
Toilet_Contact_Tst_1e,f63,22.49945558
Toilet_Contact_Tst_1e,f80,28.98425905
Toilet_Contact_Tst_1e,f100,30.00191524
Toilet_Contact_Tst_1e,f125,34.14118863
Toilet_Contact_Tst_1e,f160,40.52612547
Toilet_Contact_Tst_1e,f200,40.110081
Toilet_Contact_Tst_1e,f250,45.37930321
Toilet_Contact_Tst_1e,f315,38.90386637
Toilet_Contact_Tst_1e,f400,50.50511411
Toilet_Contact_Tst_1e,f500,43.70728416
Toilet_Contact_Tst_1e,f630,38.858438
Toilet_Contact_Tst_1e,f800,39.88199853
Toilet_Contact_Tst_1e,f1000,29.31180611
Toilet_Contact_Tst_1e,f1250,29.45970232
Toilet_Contact_Tst_1e,f1600,19.53535279
Toilet_Contact_Tst_1e,f2000,10.70230991
Toilet_Contact_Tst_1e,f2500,9.639609779
Toilet_Contact_Tst_1e,f3100,8.721323795
Toilet_Contact_Tst_1e,f4000,7.19232933
Toilet_Contact_Tst_1e,f5000,6.122756372
Toilet_Contact_Tst_1e,f6300,5.28957072
Toilet_Contact_Tst_1e,f8000,5.03839573
Toilet_Contact_Tst_1e,f10000,7.081087958
Toilet_Ambient_Tst_1e,f25,11.92506421
Toilet_Ambient_Tst_1e,f31_5,10.65919716
Toilet_Ambient_Tst_1e,f40,10.67068253
Toilet_Ambient_Tst_1e,f50,12.52079863
Toilet_Ambient_Tst_1e,f63,13.35426835
Toilet_Ambient_Tst_1e,f80,12.88022069
Toilet_Ambient_Tst_1e,f100,12.54863578
Toilet_Ambient_Tst_1e,f125,13.32830214
Toilet_Ambient_Tst_1e,f160,13.73035454
Toilet_Ambient_Tst_1e,f200,17.91417319
Toilet_Ambient_Tst_1e,f250,17.26168386
Toilet_Ambient_Tst_1e,f315,12.23764415
Toilet_Ambient_Tst_1e,f400,16.33275768
Toilet_Ambient_Tst_1e,f500,14.86537755
Toilet_Ambient_Tst_1e,f630,10.99233577
Toilet_Ambient_Tst_1e,f800,13.34726271
Toilet_Ambient_Tst_1e,f1000,13.13203936
Toilet_Ambient_Tst_1e,f1250,10.2116759
Toilet_Ambient_Tst_1e,f1600,6.386671332
Toilet_Ambient_Tst_1e,f2000,4.953727053
Toilet_Ambient_Tst_1e,f2500,4.915349474
Toilet_Ambient_Tst_1e,f3100,3.69805027
Toilet_Ambient_Tst_1e,f4000,4.134722882
Toilet_Ambient_Tst_1e,f5000,4.843938691
Toilet_Ambient_Tst_1e,f6300,6.210014623
Toilet_Ambient_Tst_1e,f8000,6.801607289
Toilet_Ambient_Tst_1e,f10000,5.740731821
Toilet_Contact_Tst_2e,f25,11.89889287
Toilet_Contact_Tst_2e,f31_5,11.79624984
Toilet_Contact_Tst_2e,f40,14.81136365
Toilet_Contact_Tst_2e,f50,17.21629938
Toilet_Contact_Tst_2e,f63,22.0155021
Toilet_Contact_Tst_2e,f80,27.4733509
Toilet_Contact_Tst_2e,f100,27.9878317
Toilet_Contact_Tst_2e,f125,32.17046635
Toilet_Contact_Tst_2e,f160,38.20203215
Toilet_Contact_Tst_2e,f200,38.26182145
Toilet_Contact_Tst_2e,f250,41.9261876
Toilet_Contact_Tst_2e,f315,37.03225205
Toilet_Contact_Tst_2e,f400,44.37186705
Toilet_Contact_Tst_2e,f500,42.2021443
Toilet_Contact_Tst_2e,f630,35.3746868
Toilet_Contact_Tst_2e,f800,37.66148545
Toilet_Contact_Tst_2e,f1000,28.91186905
Toilet_Contact_Tst_2e,f1250,42.9907253
Toilet_Contact_Tst_2e,f1600,25.00896135
Toilet_Contact_Tst_2e,f2000,12.837134
Toilet_Contact_Tst_2e,f2500,9.48202742
Toilet_Contact_Tst_2e,f3100,8.07951542
Toilet_Contact_Tst_2e,f4000,6.572441537
Toilet_Contact_Tst_2e,f5000,5.631348116
Toilet_Contact_Tst_2e,f6300,5.165520794
Toilet_Contact_Tst_2e,f8000,4.377585558
Toilet_Contact_Tst_2e,f10000,6.56496609
Toilet_Ambient_Tst_2e,f25,8.530119175
Toilet_Ambient_Tst_2e,f31_5,7.43203787
Toilet_Ambient_Tst_2e,f40,7.87613015
Toilet_Ambient_Tst_2e,f50,11.37445953
Toilet_Ambient_Tst_2e,f63,13.27348728
Toilet_Ambient_Tst_2e,f80,12.8390167
Toilet_Ambient_Tst_2e,f100,11.82245914
Toilet_Ambient_Tst_2e,f125,13.78013745
Toilet_Ambient_Tst_2e,f160,13.65726645
Toilet_Ambient_Tst_2e,f200,18.24551548
Toilet_Ambient_Tst_2e,f250,16.04447548
Toilet_Ambient_Tst_2e,f315,12.32331359
Toilet_Ambient_Tst_2e,f400,13.90174025
Toilet_Ambient_Tst_2e,f500,15.71985174
Toilet_Ambient_Tst_2e,f630,10.25733603
Toilet_Ambient_Tst_2e,f800,21.4149372
Toilet_Ambient_Tst_2e,f1000,37.40229715
Toilet_Ambient_Tst_2e,f1250,54.4875408
Toilet_Ambient_Tst_2e,f1600,35.3633086
Toilet_Ambient_Tst_2e,f2000,19.6630711
Toilet_Ambient_Tst_2e,f2500,11.6163109
Toilet_Ambient_Tst_2e,f3100,9.001504975
Toilet_Ambient_Tst_2e,f4000,16.3487363
Toilet_Ambient_Tst_2e,f5000,7.353093122
Toilet_Ambient_Tst_2e,f6300,9.623208985
Toilet_Ambient_Tst_2e,f8000,8.888515815
Toilet_Ambient_Tst_2e,f10000,7.228337885
Toilet_Contact_Tst_3e,f25,14.64534798
Toilet_Contact_Tst_3e,f31_5,15.26283695
Toilet_Contact_Tst_3e,f40,18.95870678
Toilet_Contact_Tst_3e,f50,21.21701135
Toilet_Contact_Tst_3e,f63,25.8548765
Toilet_Contact_Tst_3e,f80,30.332423
Toilet_Contact_Tst_3e,f100,32.8175165
Toilet_Contact_Tst_3e,f125,35.38378635
Toilet_Contact_Tst_3e,f160,43.58766695
Toilet_Contact_Tst_3e,f200,42.51899175
Toilet_Contact_Tst_3e,f250,46.4784152
Toilet_Contact_Tst_3e,f315,42.34183525
Toilet_Contact_Tst_3e,f400,52.96494895
Toilet_Contact_Tst_3e,f500,44.58897425
Toilet_Contact_Tst_3e,f630,41.08490835
Toilet_Contact_Tst_3e,f800,41.28272425
Toilet_Contact_Tst_3e,f1000,28.84846098
Toilet_Contact_Tst_3e,f1250,29.9850754
Toilet_Contact_Tst_3e,f1600,18.74352855
Toilet_Contact_Tst_3e,f2000,13.25233938
Toilet_Contact_Tst_3e,f2500,13.66576623
Toilet_Contact_Tst_3e,f3100,13.43393678
Toilet_Contact_Tst_3e,f4000,14.05684165
Toilet_Contact_Tst_3e,f5000,10.55175261
Toilet_Contact_Tst_3e,f6300,7.6014012
Toilet_Contact_Tst_3e,f8000,6.991633355
Toilet_Contact_Tst_3e,f10000,8.083152025
Toilet_Ambient_Tst_3e,f25,10.99832126
Toilet_Ambient_Tst_3e,f31_5,10.04456321
Toilet_Ambient_Tst_3e,f40,10.67057826
Toilet_Ambient_Tst_3e,f50,14.7066791
Toilet_Ambient_Tst_3e,f63,16.48483243
Toilet_Ambient_Tst_3e,f80,15.00504955
Toilet_Ambient_Tst_3e,f100,15.85776075
Toilet_Ambient_Tst_3e,f125,17.51722238
Toilet_Ambient_Tst_3e,f160,19.8059458
Toilet_Ambient_Tst_3e,f200,25.1280768
Toilet_Ambient_Tst_3e,f250,26.15481485
Toilet_Ambient_Tst_3e,f315,23.08705125
Toilet_Ambient_Tst_3e,f400,28.3158052
Toilet_Ambient_Tst_3e,f500,30.11491195
Toilet_Ambient_Tst_3e,f630,19.61410335
Toilet_Ambient_Tst_3e,f800,28.4250339
Toilet_Ambient_Tst_3e,f1000,25.7940186
Toilet_Ambient_Tst_3e,f1250,26.3411253
Toilet_Ambient_Tst_3e,f1600,24.68317505
Toilet_Ambient_Tst_3e,f2000,26.1137589
Toilet_Ambient_Tst_3e,f2500,28.4551215
Toilet_Ambient_Tst_3e,f3100,31.56237935
Toilet_Ambient_Tst_3e,f4000,35.395737
Toilet_Ambient_Tst_3e,f5000,38.52685095
Toilet_Ambient_Tst_3e,f6300,40.42029815
Toilet_Ambient_Tst_3e,f8000,40.4679902
Toilet_Ambient_Tst_3e,f10000,34.36348795
Toilet_Contact_Tst_5e,f25,11.67663367
Toilet_Contact_Tst_5e,f31_5,11.58524595
Toilet_Contact_Tst_5e,f40,13.73122128
Toilet_Contact_Tst_5e,f50,16.91517105
Toilet_Contact_Tst_5e,f63,20.31410678
Toilet_Contact_Tst_5e,f80,27.1085622
Toilet_Contact_Tst_5e,f100,29.742499
Toilet_Contact_Tst_5e,f125,34.36307845
Toilet_Contact_Tst_5e,f160,42.90436695
Toilet_Contact_Tst_5e,f200,41.1138059
Toilet_Contact_Tst_5e,f250,44.5025517
Toilet_Contact_Tst_5e,f315,38.5972332
Toilet_Contact_Tst_5e,f400,43.9355394
Toilet_Contact_Tst_5e,f500,40.4233089
Toilet_Contact_Tst_5e,f630,39.44106375
Toilet_Contact_Tst_5e,f800,37.30028695
Toilet_Contact_Tst_5e,f1000,25.70781915
Toilet_Contact_Tst_5e,f1250,23.57385418
Toilet_Contact_Tst_5e,f1600,15.03728662
Toilet_Contact_Tst_5e,f2000,10.92004756
Toilet_Contact_Tst_5e,f2500,11.59842915
Toilet_Contact_Tst_5e,f3100,8.784425368
Toilet_Contact_Tst_5e,f4000,8.970231491
Toilet_Contact_Tst_5e,f5000,7.211392322
Toilet_Contact_Tst_5e,f6300,7.815005326
Toilet_Contact_Tst_5e,f8000,4.783964704
Toilet_Contact_Tst_5e,f10000,6.62690858
Toilet_Ambient_Tst_5e,f25,10.92285732
Toilet_Ambient_Tst_5e,f31_5,9.51747968
Toilet_Ambient_Tst_5e,f40,9.17605955
Toilet_Ambient_Tst_5e,f50,13.26110558
Toilet_Ambient_Tst_5e,f63,13.69846253
Toilet_Ambient_Tst_5e,f80,14.01514797
Toilet_Ambient_Tst_5e,f100,15.24937311
Toilet_Ambient_Tst_5e,f125,14.73571962
Toilet_Ambient_Tst_5e,f160,15.66878517
Toilet_Ambient_Tst_5e,f200,19.76803216
Toilet_Ambient_Tst_5e,f250,19.96680799
Toilet_Ambient_Tst_5e,f315,17.43975787
Toilet_Ambient_Tst_5e,f400,19.52059811
Toilet_Ambient_Tst_5e,f500,22.38427568
Toilet_Ambient_Tst_5e,f630,15.25886462
Toilet_Ambient_Tst_5e,f800,20.60750231
Toilet_Ambient_Tst_5e,f1000,19.43993528
Toilet_Ambient_Tst_5e,f1250,19.18403664
Toilet_Ambient_Tst_5e,f1600,16.98459614
Toilet_Ambient_Tst_5e,f2000,16.73556315
Toilet_Ambient_Tst_5e,f2500,18.19071886
Toilet_Ambient_Tst_5e,f3100,20.15640464
Toilet_Ambient_Tst_5e,f4000,21.61547454
Toilet_Ambient_Tst_5e,f5000,24.17088686
Toilet_Ambient_Tst_5e,f6300,26.27724684
Toilet_Ambient_Tst_5e,f8000,25.08167399
Toilet_Ambient_Tst_5e,f10000,21.6234582
Lav Faucet Furthest_Contact_Tst_1f,f25,12.470257
Lav Faucet Furthest_Contact_Tst_1f,f31_5,11.7791695
Lav Faucet Furthest_Contact_Tst_1f,f40,12.5303194
Lav Faucet Furthest_Contact_Tst_1f,f50,15.44547258
Lav Faucet Furthest_Contact_Tst_1f,f63,18.9191814
Lav Faucet Furthest_Contact_Tst_1f,f80,18.05052975
Lav Faucet Furthest_Contact_Tst_1f,f100,22.05132845
Lav Faucet Furthest_Contact_Tst_1f,f125,27.02406888
Lav Faucet Furthest_Contact_Tst_1f,f160,30.77151845
Lav Faucet Furthest_Contact_Tst_1f,f200,29.95464155
Lav Faucet Furthest_Contact_Tst_1f,f250,33.9653921
Lav Faucet Furthest_Contact_Tst_1f,f315,26.32249195
Lav Faucet Furthest_Contact_Tst_1f,f400,24.44724494
Lav Faucet Furthest_Contact_Tst_1f,f500,28.46630187
Lav Faucet Furthest_Contact_Tst_1f,f630,24.26377165
Lav Faucet Furthest_Contact_Tst_1f,f800,24.21037527
Lav Faucet Furthest_Contact_Tst_1f,f1000,17.32450133
Lav Faucet Furthest_Contact_Tst_1f,f1250,15.84627493
Lav Faucet Furthest_Contact_Tst_1f,f1600,11.76713648
Lav Faucet Furthest_Contact_Tst_1f,f2000,11.41026364
Lav Faucet Furthest_Contact_Tst_1f,f2500,8.886241309
Lav Faucet Furthest_Contact_Tst_1f,f3100,8.839908923
Lav Faucet Furthest_Contact_Tst_1f,f4000,8.098505426
Lav Faucet Furthest_Contact_Tst_1f,f5000,7.324400395
Lav Faucet Furthest_Contact_Tst_1f,f6300,8.175216425
Lav Faucet Furthest_Contact_Tst_1f,f8000,3.249073073
Lav Faucet Furthest_Contact_Tst_1f,f10000,5.4046161
Lav Faucet Furthest_Ambient_Tst_1f,f25,14.07345015
Lav Faucet Furthest_Ambient_Tst_1f,f31_5,11.5072086
Lav Faucet Furthest_Ambient_Tst_1f,f40,10.75306528
Lav Faucet Furthest_Ambient_Tst_1f,f50,12.74502623
Lav Faucet Furthest_Ambient_Tst_1f,f63,13.33290072
Lav Faucet Furthest_Ambient_Tst_1f,f80,10.35234187
Lav Faucet Furthest_Ambient_Tst_1f,f100,9.44394672
Lav Faucet Furthest_Ambient_Tst_1f,f125,8.92023048
Lav Faucet Furthest_Ambient_Tst_1f,f160,6.441166435
Lav Faucet Furthest_Ambient_Tst_1f,f200,6.996130314
Lav Faucet Furthest_Ambient_Tst_1f,f250,8.726985531
Lav Faucet Furthest_Ambient_Tst_1f,f315,6.190370506
Lav Faucet Furthest_Ambient_Tst_1f,f400,6.009564019
Lav Faucet Furthest_Ambient_Tst_1f,f500,9.459552247
Lav Faucet Furthest_Ambient_Tst_1f,f630,4.165482489
Lav Faucet Furthest_Ambient_Tst_1f,f800,9.215853452
Lav Faucet Furthest_Ambient_Tst_1f,f1000,8.776048705
Lav Faucet Furthest_Ambient_Tst_1f,f1250,6.719774036
Lav Faucet Furthest_Ambient_Tst_1f,f1600,6.433102065
Lav Faucet Furthest_Ambient_Tst_1f,f2000,8.151473981
Lav Faucet Furthest_Ambient_Tst_1f,f2500,5.301386878
Lav Faucet Furthest_Ambient_Tst_1f,f3100,5.036097265
Lav Faucet Furthest_Ambient_Tst_1f,f4000,6.181027223
Lav Faucet Furthest_Ambient_Tst_1f,f5000,7.921643986
Lav Faucet Furthest_Ambient_Tst_1f,f6300,11.43966056
Lav Faucet Furthest_Ambient_Tst_1f,f8000,9.789466382
Lav Faucet Furthest_Ambient_Tst_1f,f10000,7.972583555
Lav Faucet Furthest_Contact_Tst_2f,f25,9.847142745
Lav Faucet Furthest_Contact_Tst_2f,f31_5,8.57106323
Lav Faucet Furthest_Contact_Tst_2f,f40,9.04272197
Lav Faucet Furthest_Contact_Tst_2f,f50,12.54563216
Lav Faucet Furthest_Contact_Tst_2f,f63,15.26027395
Lav Faucet Furthest_Contact_Tst_2f,f80,15.94695985
Lav Faucet Furthest_Contact_Tst_2f,f100,17.26172155
Lav Faucet Furthest_Contact_Tst_2f,f125,22.0430678
Lav Faucet Furthest_Contact_Tst_2f,f160,27.02833865
Lav Faucet Furthest_Contact_Tst_2f,f200,28.8746699
Lav Faucet Furthest_Contact_Tst_2f,f250,32.56179085
Lav Faucet Furthest_Contact_Tst_2f,f315,23.38882655
Lav Faucet Furthest_Contact_Tst_2f,f400,27.13996865
Lav Faucet Furthest_Contact_Tst_2f,f500,26.10925404
Lav Faucet Furthest_Contact_Tst_2f,f630,23.02133095
Lav Faucet Furthest_Contact_Tst_2f,f800,25.18118554
Lav Faucet Furthest_Contact_Tst_2f,f1000,24.24403875
Lav Faucet Furthest_Contact_Tst_2f,f1250,35.46360145
Lav Faucet Furthest_Contact_Tst_2f,f1600,18.9573618
Lav Faucet Furthest_Contact_Tst_2f,f2000,11.81472966
Lav Faucet Furthest_Contact_Tst_2f,f2500,10.58815445
Lav Faucet Furthest_Contact_Tst_2f,f3100,11.17252744
Lav Faucet Furthest_Contact_Tst_2f,f4000,6.319871334
Lav Faucet Furthest_Contact_Tst_2f,f5000,5.813749952
Lav Faucet Furthest_Contact_Tst_2f,f6300,6.250880011
Lav Faucet Furthest_Contact_Tst_2f,f8000,2.368594527
Lav Faucet Furthest_Contact_Tst_2f,f10000,5.63992751
Lav Faucet Furthest_Ambient_Tst_2f,f25,7.66959753
Lav Faucet Furthest_Ambient_Tst_2f,f31_5,6.379921095
Lav Faucet Furthest_Ambient_Tst_2f,f40,6.286472465
Lav Faucet Furthest_Ambient_Tst_2f,f50,9.334741325
Lav Faucet Furthest_Ambient_Tst_2f,f63,9.254386565
Lav Faucet Furthest_Ambient_Tst_2f,f80,7.876019425
Lav Faucet Furthest_Ambient_Tst_2f,f100,6.25593287
Lav Faucet Furthest_Ambient_Tst_2f,f125,4.7376425
Lav Faucet Furthest_Ambient_Tst_2f,f160,3.26522862
Lav Faucet Furthest_Ambient_Tst_2f,f200,3.880649965
Lav Faucet Furthest_Ambient_Tst_2f,f250,4.810058862
Lav Faucet Furthest_Ambient_Tst_2f,f315,3.637927404
Lav Faucet Furthest_Ambient_Tst_2f,f400,8.361223937
Lav Faucet Furthest_Ambient_Tst_2f,f500,8.517512312
Lav Faucet Furthest_Ambient_Tst_2f,f630,4.825878482
Lav Faucet Furthest_Ambient_Tst_2f,f800,17.628412
Lav Faucet Furthest_Ambient_Tst_2f,f1000,30.36501825
Lav Faucet Furthest_Ambient_Tst_2f,f1250,47.67993005
Lav Faucet Furthest_Ambient_Tst_2f,f1600,28.25012925
Lav Faucet Furthest_Ambient_Tst_2f,f2000,15.15055985
Lav Faucet Furthest_Ambient_Tst_2f,f2500,11.54594766
Lav Faucet Furthest_Ambient_Tst_2f,f3100,7.63787333
Lav Faucet Furthest_Ambient_Tst_2f,f4000,11.26236888
Lav Faucet Furthest_Ambient_Tst_2f,f5000,7.308062835
Lav Faucet Furthest_Ambient_Tst_2f,f6300,10.31716822
Lav Faucet Furthest_Ambient_Tst_2f,f8000,10.79264414
Lav Faucet Furthest_Ambient_Tst_2f,f10000,7.44071105
Lav Faucet Furthest_Contact_Tst_3f,f25,12.5101456
Lav Faucet Furthest_Contact_Tst_3f,f31_5,8.89660176
Lav Faucet Furthest_Contact_Tst_3f,f40,10.0775148
Lav Faucet Furthest_Contact_Tst_3f,f50,15.23413895
Lav Faucet Furthest_Contact_Tst_3f,f63,18.4393732
Lav Faucet Furthest_Contact_Tst_3f,f80,17.52371625
Lav Faucet Furthest_Contact_Tst_3f,f100,22.8715221
Lav Faucet Furthest_Contact_Tst_3f,f125,30.4567242
Lav Faucet Furthest_Contact_Tst_3f,f160,36.9817027
Lav Faucet Furthest_Contact_Tst_3f,f200,38.9824185
Lav Faucet Furthest_Contact_Tst_3f,f250,37.6083826
Lav Faucet Furthest_Contact_Tst_3f,f315,31.8948716
Lav Faucet Furthest_Contact_Tst_3f,f400,46.3102569
Lav Faucet Furthest_Contact_Tst_3f,f500,48.6190843
Lav Faucet Furthest_Contact_Tst_3f,f630,35.1571059
Lav Faucet Furthest_Contact_Tst_3f,f800,43.5718334
Lav Faucet Furthest_Contact_Tst_3f,f1000,35.7142538
Lav Faucet Furthest_Contact_Tst_3f,f1250,33.3174752
Lav Faucet Furthest_Contact_Tst_3f,f1600,24.1077492
Lav Faucet Furthest_Contact_Tst_3f,f2000,23.6520422
Lav Faucet Furthest_Contact_Tst_3f,f2500,21.2268091
Lav Faucet Furthest_Contact_Tst_3f,f3100,22.2149152
Lav Faucet Furthest_Contact_Tst_3f,f4000,12.4419579
Lav Faucet Furthest_Contact_Tst_3f,f5000,11.38819995
Lav Faucet Furthest_Contact_Tst_3f,f6300,11.1320659
Lav Faucet Furthest_Contact_Tst_3f,f8000,5.23651993
Lav Faucet Furthest_Contact_Tst_3f,f10000,7.0118096
Lav Faucet Furthest_Ambient_Tst_3f,f25,10.88759435
Lav Faucet Furthest_Ambient_Tst_3f,f31_5,6.71335166
Lav Faucet Furthest_Ambient_Tst_3f,f40,6.77133829
Lav Faucet Furthest_Ambient_Tst_3f,f50,10.45751805
Lav Faucet Furthest_Ambient_Tst_3f,f63,12.740299
Lav Faucet Furthest_Ambient_Tst_3f,f80,9.25914295
Lav Faucet Furthest_Ambient_Tst_3f,f100,7.67908223
Lav Faucet Furthest_Ambient_Tst_3f,f125,8.26848302
Lav Faucet Furthest_Ambient_Tst_3f,f160,11.6836686
Lav Faucet Furthest_Ambient_Tst_3f,f200,11.0180917
Lav Faucet Furthest_Ambient_Tst_3f,f250,16.3726784
Lav Faucet Furthest_Ambient_Tst_3f,f315,19.7975841
Lav Faucet Furthest_Ambient_Tst_3f,f400,21.1213874
Lav Faucet Furthest_Ambient_Tst_3f,f500,23.1261609
Lav Faucet Furthest_Ambient_Tst_3f,f630,15.18052515
Lav Faucet Furthest_Ambient_Tst_3f,f800,22.7361031
Lav Faucet Furthest_Ambient_Tst_3f,f1000,21.838772
Lav Faucet Furthest_Ambient_Tst_3f,f1250,21.3654624
Lav Faucet Furthest_Ambient_Tst_3f,f1600,23.3651381
Lav Faucet Furthest_Ambient_Tst_3f,f2000,24.8639862
Lav Faucet Furthest_Ambient_Tst_3f,f2500,25.3823651
Lav Faucet Furthest_Ambient_Tst_3f,f3100,26.1995869
Lav Faucet Furthest_Ambient_Tst_3f,f4000,28.1978239
Lav Faucet Furthest_Ambient_Tst_3f,f5000,32.3429346
Lav Faucet Furthest_Ambient_Tst_3f,f6300,35.6169634
Lav Faucet Furthest_Ambient_Tst_3f,f8000,34.5587186
Lav Faucet Furthest_Ambient_Tst_3f,f10000,29.360053
Lav Faucet Furthest_Contact_Tst_5f,f25,11.79079997
Lav Faucet Furthest_Contact_Tst_5f,f31_5,10.75587883
Lav Faucet Furthest_Contact_Tst_5f,f40,11.78845633
Lav Faucet Furthest_Contact_Tst_5f,f50,15.4622891
Lav Faucet Furthest_Contact_Tst_5f,f63,17.20594891
Lav Faucet Furthest_Contact_Tst_5f,f80,19.28926574
Lav Faucet Furthest_Contact_Tst_5f,f100,18.9627028
Lav Faucet Furthest_Contact_Tst_5f,f125,23.3512789
Lav Faucet Furthest_Contact_Tst_5f,f160,30.93582876
Lav Faucet Furthest_Contact_Tst_5f,f200,33.21160286
Lav Faucet Furthest_Contact_Tst_5f,f250,35.54762171
Lav Faucet Furthest_Contact_Tst_5f,f315,25.19610914
Lav Faucet Furthest_Contact_Tst_5f,f400,26.39924904
Lav Faucet Furthest_Contact_Tst_5f,f500,28.07098137
Lav Faucet Furthest_Contact_Tst_5f,f630,26.13652776
Lav Faucet Furthest_Contact_Tst_5f,f800,24.81796945
Lav Faucet Furthest_Contact_Tst_5f,f1000,16.85502415
Lav Faucet Furthest_Contact_Tst_5f,f1250,13.7785549
Lav Faucet Furthest_Contact_Tst_5f,f1600,12.58232353
Lav Faucet Furthest_Contact_Tst_5f,f2000,11.67930399
Lav Faucet Furthest_Contact_Tst_5f,f2500,10.44306462
Lav Faucet Furthest_Contact_Tst_5f,f3100,11.05506214
Lav Faucet Furthest_Contact_Tst_5f,f4000,7.127829781
Lav Faucet Furthest_Contact_Tst_5f,f5000,5.025398997
Lav Faucet Furthest_Contact_Tst_5f,f6300,3.877686319
Lav Faucet Furthest_Contact_Tst_5f,f8000,2.786360825
Lav Faucet Furthest_Contact_Tst_5f,f10000,5.437345648
Lav Faucet Furthest_Ambient_Tst_5f,f25,11.30944451
Lav Faucet Furthest_Ambient_Tst_5f,f31_5,9.543684648
Lav Faucet Furthest_Ambient_Tst_5f,f40,9.303742348
Lav Faucet Furthest_Ambient_Tst_5f,f50,11.19883233
Lav Faucet Furthest_Ambient_Tst_5f,f63,11.3490077
Lav Faucet Furthest_Ambient_Tst_5f,f80,10.50232567
Lav Faucet Furthest_Ambient_Tst_5f,f100,9.469107905
Lav Faucet Furthest_Ambient_Tst_5f,f125,7.919151243
Lav Faucet Furthest_Ambient_Tst_5f,f160,9.041319024
Lav Faucet Furthest_Ambient_Tst_5f,f200,10.30288167
Lav Faucet Furthest_Ambient_Tst_5f,f250,13.0131964
Lav Faucet Furthest_Ambient_Tst_5f,f315,12.51537212
Lav Faucet Furthest_Ambient_Tst_5f,f400,13.6434868
Lav Faucet Furthest_Ambient_Tst_5f,f500,16.36601747
Lav Faucet Furthest_Ambient_Tst_5f,f630,10.99681875
Lav Faucet Furthest_Ambient_Tst_5f,f800,15.71747351
Lav Faucet Furthest_Ambient_Tst_5f,f1000,13.38991272
Lav Faucet Furthest_Ambient_Tst_5f,f1250,14.3183711
Lav Faucet Furthest_Ambient_Tst_5f,f1600,15.17058881
Lav Faucet Furthest_Ambient_Tst_5f,f2000,15.43535989
Lav Faucet Furthest_Ambient_Tst_5f,f2500,16.32100294
Lav Faucet Furthest_Ambient_Tst_5f,f3100,18.27364752
Lav Faucet Furthest_Ambient_Tst_5f,f4000,19.91208772
Lav Faucet Furthest_Ambient_Tst_5f,f5000,22.60416791
Lav Faucet Furthest_Ambient_Tst_5f,f6300,25.27513677
Lav Faucet Furthest_Ambient_Tst_5f,f8000,24.45409128
Lav Faucet Furthest_Ambient_Tst_5f,f10000,20.54933056
Hose_All_Freq_avg_contact_4a1,f25,22.93819013
Hose_All_Freq_avg_contact_4a1,f31_5,30.50885125
Hose_All_Freq_avg_contact_4a1,f40,36.9596908
Hose_All_Freq_avg_contact_4a1,f50,39.80648698
Hose_All_Freq_avg_contact_4a1,f63,46.48927142
Hose_All_Freq_avg_contact_4a1,f80,50.83598605
Hose_All_Freq_avg_contact_4a1,f100,50.89436933
Hose_All_Freq_avg_contact_4a1,f125,62.18830189
Hose_All_Freq_avg_contact_4a1,f160,65.68253247
Hose_All_Freq_avg_contact_4a1,f200,59.02259438
Hose_All_Freq_avg_contact_4a1,f250,61.11283329
Hose_All_Freq_avg_contact_4a1,f315,62.70077771
Hose_All_Freq_avg_contact_4a1,f400,67.62372869
Hose_All_Freq_avg_contact_4a1,f500,67.96592718
Hose_All_Freq_avg_contact_4a1,f630,64.51276378
Hose_All_Freq_avg_contact_4a1,f800,62.94499298
Hose_All_Freq_avg_contact_4a1,f1000,56.39879
Hose_All_Freq_avg_contact_4a1,f1250,51.78153944
Hose_All_Freq_avg_contact_4a1,f1600,50.36176822
Hose_All_Freq_avg_contact_4a1,f2000,50.15041544
Hose_All_Freq_avg_contact_4a1,f2500,48.37819751
Hose_All_Freq_avg_contact_4a1,f3100,46.25107747
Hose_All_Freq_avg_contact_4a1,f4000,42.28331435
Hose_All_Freq_avg_contact_4a1,f5000,36.97314709
Hose_All_Freq_avg_contact_4a1,f6300,32.46538571
Hose_All_Freq_avg_contact_4a1,f8000,27.95712602
Hose_All_Freq_avg_contact_4a1,f10000,26.84656282
Hose_All_Freq_avg_ambient_4a1,f25,10.04711972
Hose_All_Freq_avg_ambient_4a1,f31_5,12.45147236
Hose_All_Freq_avg_ambient_4a1,f40,12.33797975
Hose_All_Freq_avg_ambient_4a1,f50,14.00398026
Hose_All_Freq_avg_ambient_4a1,f63,19.89537184
Hose_All_Freq_avg_ambient_4a1,f80,22.84844216
Hose_All_Freq_avg_ambient_4a1,f100,21.91695689
Hose_All_Freq_avg_ambient_4a1,f125,24.28972805
Hose_All_Freq_avg_ambient_4a1,f160,25.60573724
Hose_All_Freq_avg_ambient_4a1,f200,25.40794349
Hose_All_Freq_avg_ambient_4a1,f250,25.12255084
Hose_All_Freq_avg_ambient_4a1,f315,26.34302896
Hose_All_Freq_avg_ambient_4a1,f400,33.43980249
Hose_All_Freq_avg_ambient_4a1,f500,37.27348498
Hose_All_Freq_avg_ambient_4a1,f630,28.13096767
Hose_All_Freq_avg_ambient_4a1,f800,34.67432164
Hose_All_Freq_avg_ambient_4a1,f1000,36.79594987
Hose_All_Freq_avg_ambient_4a1,f1250,30.95323696
Hose_All_Freq_avg_ambient_4a1,f1600,33.04741684
Hose_All_Freq_avg_ambient_4a1,f2000,35.30398851
Hose_All_Freq_avg_ambient_4a1,f2500,32.49900729
Hose_All_Freq_avg_ambient_4a1,f3100,29.85633924
Hose_All_Freq_avg_ambient_4a1,f4000,30.42188664
Hose_All_Freq_avg_ambient_4a1,f5000,31.1567024
Hose_All_Freq_avg_ambient_4a1,f6300,32.69216187
Hose_All_Freq_avg_ambient_4a1,f8000,30.46075518
Hose_All_Freq_avg_ambient_4a1,f10000,22.22667396
Hose_All_Freq_avg_contact_4a2,f25,22.93627104
Hose_All_Freq_avg_contact_4a2,f31_5,30.65404727
Hose_All_Freq_avg_contact_4a2,f40,37.01016267
Hose_All_Freq_avg_contact_4a2,f50,40.12738145
Hose_All_Freq_avg_contact_4a2,f63,46.52942195
Hose_All_Freq_avg_contact_4a2,f80,50.837198
Hose_All_Freq_avg_contact_4a2,f100,50.94608767
Hose_All_Freq_avg_contact_4a2,f125,62.09279815
Hose_All_Freq_avg_contact_4a2,f160,65.71628409
Hose_All_Freq_avg_contact_4a2,f200,59.0022636
Hose_All_Freq_avg_contact_4a2,f250,61.29666118
Hose_All_Freq_avg_contact_4a2,f315,62.91800782
Hose_All_Freq_avg_contact_4a2,f400,67.89976544
Hose_All_Freq_avg_contact_4a2,f500,68.12022067
Hose_All_Freq_avg_contact_4a2,f630,64.65775722
Hose_All_Freq_avg_contact_4a2,f800,63.17556433
Hose_All_Freq_avg_contact_4a2,f1000,56.59055355
Hose_All_Freq_avg_contact_4a2,f1250,51.90776162
Hose_All_Freq_avg_contact_4a2,f1600,50.55749945
Hose_All_Freq_avg_contact_4a2,f2000,50.3237032
Hose_All_Freq_avg_contact_4a2,f2500,48.75299535
Hose_All_Freq_avg_contact_4a2,f3100,46.60503175
Hose_All_Freq_avg_contact_4a2,f4000,42.46580293
Hose_All_Freq_avg_contact_4a2,f5000,37.31038851
Hose_All_Freq_avg_contact_4a2,f6300,32.72663836
Hose_All_Freq_avg_contact_4a2,f8000,28.18313
Hose_All_Freq_avg_contact_4a2,f10000,27.14507971
Hose_All_Freq_avg_ambient_4a2,f25,10.26051266
Hose_All_Freq_avg_ambient_4a2,f31_5,12.75704376
Hose_All_Freq_avg_ambient_4a2,f40,12.11410703
Hose_All_Freq_avg_ambient_4a2,f50,14.6588979
Hose_All_Freq_avg_ambient_4a2,f63,20.0835602
Hose_All_Freq_avg_ambient_4a2,f80,22.37380751
Hose_All_Freq_avg_ambient_4a2,f100,21.85563731
Hose_All_Freq_avg_ambient_4a2,f125,24.340936
Hose_All_Freq_avg_ambient_4a2,f160,25.72618531
Hose_All_Freq_avg_ambient_4a2,f200,25.17505018
Hose_All_Freq_avg_ambient_4a2,f250,25.26451545
Hose_All_Freq_avg_ambient_4a2,f315,26.56226449
Hose_All_Freq_avg_ambient_4a2,f400,33.60644753
Hose_All_Freq_avg_ambient_4a2,f500,37.41000287
Hose_All_Freq_avg_ambient_4a2,f630,28.23064747
Hose_All_Freq_avg_ambient_4a2,f800,34.94233111
Hose_All_Freq_avg_ambient_4a2,f1000,37.01216211
Hose_All_Freq_avg_ambient_4a2,f1250,31.08735171
Hose_All_Freq_avg_ambient_4a2,f1600,33.42679716
Hose_All_Freq_avg_ambient_4a2,f2000,35.46588587
Hose_All_Freq_avg_ambient_4a2,f2500,32.72151256
Hose_All_Freq_avg_ambient_4a2,f3100,30.10585555
Hose_All_Freq_avg_ambient_4a2,f4000,30.470041
Hose_All_Freq_avg_ambient_4a2,f5000,31.47068818
Hose_All_Freq_avg_ambient_4a2,f6300,32.92063296
Hose_All_Freq_avg_ambient_4a2,f8000,30.68900702
Hose_All_Freq_avg_ambient_4a2,f10000,22.29622345
Lav_Faucet_All_Freq_avg_contact_4b1,f25,9.43712928
Lav_Faucet_All_Freq_avg_contact_4b1,f31_5,9.613068436
Lav_Faucet_All_Freq_avg_contact_4b1,f40,11.17416273
Lav_Faucet_All_Freq_avg_contact_4b1,f50,13.95932093
Lav_Faucet_All_Freq_avg_contact_4b1,f63,18.01388625
Lav_Faucet_All_Freq_avg_contact_4b1,f80,25.10721896
Lav_Faucet_All_Freq_avg_contact_4b1,f100,31.23180075
Lav_Faucet_All_Freq_avg_contact_4b1,f125,35.34250935
Lav_Faucet_All_Freq_avg_contact_4b1,f160,44.26635742
Lav_Faucet_All_Freq_avg_contact_4b1,f200,42.98375505
Lav_Faucet_All_Freq_avg_contact_4b1,f250,43.7787926
Lav_Faucet_All_Freq_avg_contact_4b1,f315,44.77549327
Lav_Faucet_All_Freq_avg_contact_4b1,f400,37.70226295
Lav_Faucet_All_Freq_avg_contact_4b1,f500,35.28471838
Lav_Faucet_All_Freq_avg_contact_4b1,f630,42.62129411
Lav_Faucet_All_Freq_avg_contact_4b1,f800,31.24523027
Lav_Faucet_All_Freq_avg_contact_4b1,f1000,22.06077206
Lav_Faucet_All_Freq_avg_contact_4b1,f1250,19.14769424
Lav_Faucet_All_Freq_avg_contact_4b1,f1600,12.79458867
Lav_Faucet_All_Freq_avg_contact_4b1,f2000,10.06076178
Lav_Faucet_All_Freq_avg_contact_4b1,f2500,10.48832012
Lav_Faucet_All_Freq_avg_contact_4b1,f3100,8.136059225
Lav_Faucet_All_Freq_avg_contact_4b1,f4000,6.275173496
Lav_Faucet_All_Freq_avg_contact_4b1,f5000,4.962866464
Lav_Faucet_All_Freq_avg_contact_4b1,f6300,4.210760602
Lav_Faucet_All_Freq_avg_contact_4b1,f8000,4.205247745
Lav_Faucet_All_Freq_avg_contact_4b1,f10000,5.626212307
Lav_Faucet_All_Freq_avg_ambient_4b1,f25,9.09969858
Lav_Faucet_All_Freq_avg_ambient_4b1,f31_5,8.495034082
Lav_Faucet_All_Freq_avg_ambient_4b1,f40,8.423498431
Lav_Faucet_All_Freq_avg_ambient_4b1,f50,11.29438415
Lav_Faucet_All_Freq_avg_ambient_4b1,f63,13.59732667
Lav_Faucet_All_Freq_avg_ambient_4b1,f80,12.15513138
Lav_Faucet_All_Freq_avg_ambient_4b1,f100,12.34174058
Lav_Faucet_All_Freq_avg_ambient_4b1,f125,14.23490952
Lav_Faucet_All_Freq_avg_ambient_4b1,f160,12.58834567
Lav_Faucet_All_Freq_avg_ambient_4b1,f200,14.96294443
Lav_Faucet_All_Freq_avg_ambient_4b1,f250,15.89023781
Lav_Faucet_All_Freq_avg_ambient_4b1,f315,16.5091335
Lav_Faucet_All_Freq_avg_ambient_4b1,f400,11.23364514
Lav_Faucet_All_Freq_avg_ambient_4b1,f500,11.82922757
Lav_Faucet_All_Freq_avg_ambient_4b1,f630,13.61412757
Lav_Faucet_All_Freq_avg_ambient_4b1,f800,11.35427535
Lav_Faucet_All_Freq_avg_ambient_4b1,f1000,11.54834343
Lav_Faucet_All_Freq_avg_ambient_4b1,f1250,10.41948476
Lav_Faucet_All_Freq_avg_ambient_4b1,f1600,9.213353814
Lav_Faucet_All_Freq_avg_ambient_4b1,f2000,9.861898268
Lav_Faucet_All_Freq_avg_ambient_4b1,f2500,11.63362515
Lav_Faucet_All_Freq_avg_ambient_4b1,f3100,12.21088532
Lav_Faucet_All_Freq_avg_ambient_4b1,f4000,14.02887963
Lav_Faucet_All_Freq_avg_ambient_4b1,f5000,17.18515861
Lav_Faucet_All_Freq_avg_ambient_4b1,f6300,22.33539729
Lav_Faucet_All_Freq_avg_ambient_4b1,f8000,20.27343627
Lav_Faucet_All_Freq_avg_ambient_4b1,f10000,14.67747364
Lav_Faucet_All_Freq_avg_contact_4b2,f25,9.092733009
Lav_Faucet_All_Freq_avg_contact_4b2,f31_5,8.609924822
Lav_Faucet_All_Freq_avg_contact_4b2,f40,10.50971239
Lav_Faucet_All_Freq_avg_contact_4b2,f50,13.26410389
Lav_Faucet_All_Freq_avg_contact_4b2,f63,17.22748695
Lav_Faucet_All_Freq_avg_contact_4b2,f80,24.1958767
Lav_Faucet_All_Freq_avg_contact_4b2,f100,30.18200067
Lav_Faucet_All_Freq_avg_contact_4b2,f125,33.96213413
Lav_Faucet_All_Freq_avg_contact_4b2,f160,42.78256009
Lav_Faucet_All_Freq_avg_contact_4b2,f200,41.35086827
Lav_Faucet_All_Freq_avg_contact_4b2,f250,42.76245418
Lav_Faucet_All_Freq_avg_contact_4b2,f315,43.40779665
Lav_Faucet_All_Freq_avg_contact_4b2,f400,36.97441833
Lav_Faucet_All_Freq_avg_contact_4b2,f500,34.83803524
Lav_Faucet_All_Freq_avg_contact_4b2,f630,41.92223378
Lav_Faucet_All_Freq_avg_contact_4b2,f800,31.14663671
Lav_Faucet_All_Freq_avg_contact_4b2,f1000,22.05650241
Lav_Faucet_All_Freq_avg_contact_4b2,f1250,19.09061054
Lav_Faucet_All_Freq_avg_contact_4b2,f1600,12.76798753
Lav_Faucet_All_Freq_avg_contact_4b2,f2000,10.04322767
Lav_Faucet_All_Freq_avg_contact_4b2,f2500,10.82692135
Lav_Faucet_All_Freq_avg_contact_4b2,f3100,8.750145205
Lav_Faucet_All_Freq_avg_contact_4b2,f4000,6.81162954
Lav_Faucet_All_Freq_avg_contact_4b2,f5000,5.083769391
Lav_Faucet_All_Freq_avg_contact_4b2,f6300,4.084855285
Lav_Faucet_All_Freq_avg_contact_4b2,f8000,4.055536798
Lav_Faucet_All_Freq_avg_contact_4b2,f10000,5.537707213
Lav_Faucet_All_Freq_avg_ambient_4b2,f25,9.42287292
Lav_Faucet_All_Freq_avg_ambient_4b2,f31_5,8.032394604
Lav_Faucet_All_Freq_avg_ambient_4b2,f40,8.46923194
Lav_Faucet_All_Freq_avg_ambient_4b2,f50,10.84927148
Lav_Faucet_All_Freq_avg_ambient_4b2,f63,12.77706891
Lav_Faucet_All_Freq_avg_ambient_4b2,f80,11.52285203
Lav_Faucet_All_Freq_avg_ambient_4b2,f100,12.02510201
Lav_Faucet_All_Freq_avg_ambient_4b2,f125,13.54010382
Lav_Faucet_All_Freq_avg_ambient_4b2,f160,11.89644959
Lav_Faucet_All_Freq_avg_ambient_4b2,f200,13.95085915
Lav_Faucet_All_Freq_avg_ambient_4b2,f250,15.35847956
Lav_Faucet_All_Freq_avg_ambient_4b2,f315,15.51126204
Lav_Faucet_All_Freq_avg_ambient_4b2,f400,10.92648903
Lav_Faucet_All_Freq_avg_ambient_4b2,f500,11.37139982
Lav_Faucet_All_Freq_avg_ambient_4b2,f630,13.18788289
Lav_Faucet_All_Freq_avg_ambient_4b2,f800,11.35478902
Lav_Faucet_All_Freq_avg_ambient_4b2,f1000,11.52458019
Lav_Faucet_All_Freq_avg_ambient_4b2,f1250,10.23551419
Lav_Faucet_All_Freq_avg_ambient_4b2,f1600,9.275951936
Lav_Faucet_All_Freq_avg_ambient_4b2,f2000,9.841184696
Lav_Faucet_All_Freq_avg_ambient_4b2,f2500,11.78560109
Lav_Faucet_All_Freq_avg_ambient_4b2,f3100,12.46677769
Lav_Faucet_All_Freq_avg_ambient_4b2,f4000,14.1621403
Lav_Faucet_All_Freq_avg_ambient_4b2,f5000,17.01539535
Lav_Faucet_All_Freq_avg_ambient_4b2,f6300,22.20844035
Lav_Faucet_All_Freq_avg_ambient_4b2,f8000,20.07548474
Lav_Faucet_All_Freq_avg_ambient_4b2,f10000,14.56405276
Kitchen_Sink_All_Freq_avg_contact_4c1,f25,9.408173647
Kitchen_Sink_All_Freq_avg_contact_4c1,f31_5,9.793368605
Kitchen_Sink_All_Freq_avg_contact_4c1,f40,10.74279008
Kitchen_Sink_All_Freq_avg_contact_4c1,f50,14.26599364
Kitchen_Sink_All_Freq_avg_contact_4c1,f63,17.92976995
Kitchen_Sink_All_Freq_avg_contact_4c1,f80,23.44013513
Kitchen_Sink_All_Freq_avg_contact_4c1,f100,27.867129
Kitchen_Sink_All_Freq_avg_contact_4c1,f125,32.36699484
Kitchen_Sink_All_Freq_avg_contact_4c1,f160,42.24703085
Kitchen_Sink_All_Freq_avg_contact_4c1,f200,39.32518847
Kitchen_Sink_All_Freq_avg_contact_4c1,f250,37.26947809
Kitchen_Sink_All_Freq_avg_contact_4c1,f315,40.78716431
Kitchen_Sink_All_Freq_avg_contact_4c1,f400,47.13913787
Kitchen_Sink_All_Freq_avg_contact_4c1,f500,45.19060576
Kitchen_Sink_All_Freq_avg_contact_4c1,f630,49.88700229
Kitchen_Sink_All_Freq_avg_contact_4c1,f800,39.57101825
Kitchen_Sink_All_Freq_avg_contact_4c1,f1000,30.50728935
Kitchen_Sink_All_Freq_avg_contact_4c1,f1250,31.14512118
Kitchen_Sink_All_Freq_avg_contact_4c1,f1600,21.18766828
Kitchen_Sink_All_Freq_avg_contact_4c1,f2000,19.68489908
Kitchen_Sink_All_Freq_avg_contact_4c1,f2500,20.26593778
Kitchen_Sink_All_Freq_avg_contact_4c1,f3100,14.83866436
Kitchen_Sink_All_Freq_avg_contact_4c1,f4000,11.69903185
Kitchen_Sink_All_Freq_avg_contact_4c1,f5000,8.132971636
Kitchen_Sink_All_Freq_avg_contact_4c1,f6300,5.517657813
Kitchen_Sink_All_Freq_avg_contact_4c1,f8000,5.049381204
Kitchen_Sink_All_Freq_avg_contact_4c1,f10000,5.993723822
Kitchen_Sink_All_Freq_avg_ambient_4c1,f25,9.231918633
Kitchen_Sink_All_Freq_avg_ambient_4c1,f31_5,7.636674304
Kitchen_Sink_All_Freq_avg_ambient_4c1,f40,7.600963355
Kitchen_Sink_All_Freq_avg_ambient_4c1,f50,9.516423484
Kitchen_Sink_All_Freq_avg_ambient_4c1,f63,10.23904224
Kitchen_Sink_All_Freq_avg_ambient_4c1,f80,11.39595463
Kitchen_Sink_All_Freq_avg_ambient_4c1,f100,12.42635605
Kitchen_Sink_All_Freq_avg_ambient_4c1,f125,13.31828671
Kitchen_Sink_All_Freq_avg_ambient_4c1,f160,14.85317308
Kitchen_Sink_All_Freq_avg_ambient_4c1,f200,13.78222737
Kitchen_Sink_All_Freq_avg_ambient_4c1,f250,12.4601347
Kitchen_Sink_All_Freq_avg_ambient_4c1,f315,12.53686272
Kitchen_Sink_All_Freq_avg_ambient_4c1,f400,16.55029594
Kitchen_Sink_All_Freq_avg_ambient_4c1,f500,16.10219185
Kitchen_Sink_All_Freq_avg_ambient_4c1,f630,17.27168788
Kitchen_Sink_All_Freq_avg_ambient_4c1,f800,14.99198391
Kitchen_Sink_All_Freq_avg_ambient_4c1,f1000,14.47949859
Kitchen_Sink_All_Freq_avg_ambient_4c1,f1250,13.63279932
Kitchen_Sink_All_Freq_avg_ambient_4c1,f1600,11.01737183
Kitchen_Sink_All_Freq_avg_ambient_4c1,f2000,13.88426229
Kitchen_Sink_All_Freq_avg_ambient_4c1,f2500,14.5452849
Kitchen_Sink_All_Freq_avg_ambient_4c1,f3100,12.96160932
Kitchen_Sink_All_Freq_avg_ambient_4c1,f4000,14.64824495
Kitchen_Sink_All_Freq_avg_ambient_4c1,f5000,15.83485743
Kitchen_Sink_All_Freq_avg_ambient_4c1,f6300,17.27914478
Kitchen_Sink_All_Freq_avg_ambient_4c1,f8000,16.27419726
Kitchen_Sink_All_Freq_avg_ambient_4c1,f10000,12.6770406
Kitchen_Sink_All_Freq_avg_contact_4c2,f25,11.04867927
Kitchen_Sink_All_Freq_avg_contact_4c2,f31_5,11.4204258
Kitchen_Sink_All_Freq_avg_contact_4c2,f40,11.89746343
Kitchen_Sink_All_Freq_avg_contact_4c2,f50,16.04953256
Kitchen_Sink_All_Freq_avg_contact_4c2,f63,20.79057892
Kitchen_Sink_All_Freq_avg_contact_4c2,f80,27.52950953
Kitchen_Sink_All_Freq_avg_contact_4c2,f100,29.53904845
Kitchen_Sink_All_Freq_avg_contact_4c2,f125,33.69248198
Kitchen_Sink_All_Freq_avg_contact_4c2,f160,43.57443049
Kitchen_Sink_All_Freq_avg_contact_4c2,f200,44.62777001
Kitchen_Sink_All_Freq_avg_contact_4c2,f250,43.77833631
Kitchen_Sink_All_Freq_avg_contact_4c2,f315,45.94428575
Kitchen_Sink_All_Freq_avg_contact_4c2,f400,50.83311175
Kitchen_Sink_All_Freq_avg_contact_4c2,f500,49.80434364
Kitchen_Sink_All_Freq_avg_contact_4c2,f630,54.34679127
Kitchen_Sink_All_Freq_avg_contact_4c2,f800,44.23143611
Kitchen_Sink_All_Freq_avg_contact_4c2,f1000,34.94728795
Kitchen_Sink_All_Freq_avg_contact_4c2,f1250,35.37846886
Kitchen_Sink_All_Freq_avg_contact_4c2,f1600,27.74083657
Kitchen_Sink_All_Freq_avg_contact_4c2,f2000,24.63284824
Kitchen_Sink_All_Freq_avg_contact_4c2,f2500,25.83634012
Kitchen_Sink_All_Freq_avg_contact_4c2,f3100,19.96591643
Kitchen_Sink_All_Freq_avg_contact_4c2,f4000,19.0076608
Kitchen_Sink_All_Freq_avg_contact_4c2,f5000,14.25838913
Kitchen_Sink_All_Freq_avg_contact_4c2,f6300,7.973503634
Kitchen_Sink_All_Freq_avg_contact_4c2,f8000,6.892885117
Kitchen_Sink_All_Freq_avg_contact_4c2,f10000,7.433900545
Kitchen_Sink_All_Freq_avg_ambient_4c2,f25,9.599345131
Kitchen_Sink_All_Freq_avg_ambient_4c2,f31_5,8.242595407
Kitchen_Sink_All_Freq_avg_ambient_4c2,f40,7.925173785
Kitchen_Sink_All_Freq_avg_ambient_4c2,f50,10.21154808
Kitchen_Sink_All_Freq_avg_ambient_4c2,f63,11.62034923
Kitchen_Sink_All_Freq_avg_ambient_4c2,f80,13.30710707
Kitchen_Sink_All_Freq_avg_ambient_4c2,f100,13.19632159
Kitchen_Sink_All_Freq_avg_ambient_4c2,f125,13.15200441
Kitchen_Sink_All_Freq_avg_ambient_4c2,f160,14.57442915
Kitchen_Sink_All_Freq_avg_ambient_4c2,f200,15.98882541
Kitchen_Sink_All_Freq_avg_ambient_4c2,f250,16.43486488
Kitchen_Sink_All_Freq_avg_ambient_4c2,f315,16.8011735
Kitchen_Sink_All_Freq_avg_ambient_4c2,f400,20.10043255
Kitchen_Sink_All_Freq_avg_ambient_4c2,f500,19.99860824
Kitchen_Sink_All_Freq_avg_ambient_4c2,f630,21.0282973
Kitchen_Sink_All_Freq_avg_ambient_4c2,f800,19.93298219
Kitchen_Sink_All_Freq_avg_ambient_4c2,f1000,19.59726879
Kitchen_Sink_All_Freq_avg_ambient_4c2,f1250,18.20324657
Kitchen_Sink_All_Freq_avg_ambient_4c2,f1600,16.10761151
Kitchen_Sink_All_Freq_avg_ambient_4c2,f2000,15.68617589
Kitchen_Sink_All_Freq_avg_ambient_4c2,f2500,16.62016216
Kitchen_Sink_All_Freq_avg_ambient_4c2,f3100,15.51398693
Kitchen_Sink_All_Freq_avg_ambient_4c2,f4000,16.66242567
Kitchen_Sink_All_Freq_avg_ambient_4c2,f5000,16.30384836
Kitchen_Sink_All_Freq_avg_ambient_4c2,f6300,17.44133652
Kitchen_Sink_All_Freq_avg_ambient_4c2,f8000,16.44833091
Kitchen_Sink_All_Freq_avg_ambient_4c2,f10000,12.88911943
